省份,流域,断面名称,监测时间,水质类别,水温(℃),pH(无量纲),溶解氧(mg/L),电导率(μS/cm),浊度(NTU),高锰酸盐指数(mg/L),氨氮(mg/L),总磷(mg/L),总氮(mg/L),叶绿素α(mg/L),藻密度(cells/L)
北京市,海河流域,鼓楼外大街,07-22 00:00,Ⅲ类,24.2,7.74,5.00,488.5,10.7,3.11,0.068,0.032,3.70,--,--
北京市,海河流域,广北滨河路,07-22 00:00,Ⅱ类,25.7,7.91,7.11,448.7,21.7,3.28,0.041,0.034,3.26,--,--
北京市,海河流域,沙窝,07-22 00:00,Ⅲ类,28.0,7.35,9.27,816.0,7.4,4.52,0.065,0.071,5.04,--,--
北京市,海河流域,新八里桥,07-22 00:00,Ⅴ类,28.3,7.32,2.05,716.5,2.5,5.99,1.105,0.226,7.27,--,--
北京市,海河流域,大红门闸上,07-22 00:00,Ⅱ类,25.3,7.65,6.23,783.5,10.3,2.82,0.006,0.070,4.75,--,--
北京市,海河流域,南大荒桥,07-22 00:00,Ⅲ类,27.6,8.59,7.74,759.0,24.0,4.35,--,0.047,2.38,--,--
北京市,海河流域,清河闸,07-22 00:00,Ⅱ类,23.1,7.74,6.47,828.4,3.6,2.21,--,0.050,6.15,--,--
北京市,海河流域,花园路,07-22 00:00,Ⅱ类,22.9,7.66,6.10,799.0,22.9,2.68,0.041,0.095,7.81,--,--
北京市,海河流域,白石桥,07-22 00:00,Ⅱ类,22.8,7.82,8.44,464.8,4.3,3.63,0.058,0.018,3.88,--,--
北京市,海河流域,八间房漫水桥,07-22 00:00,Ⅱ类,29.8,7.72,7.34,798.7,14.3,3.21,0.034,0.064,3.14,--,--
北京市,海河流域,罗庄,07-22 00:00,Ⅳ类,30.0,7.69,4.47,1096.6,5.6,3.22,0.012,0.121,5.61,--,--
北京市,海河流域,小屯桥,07-22 00:00,Ⅲ类,31.3,7.91,7.00,1226.6,16.8,4.20,0.034,0.134,5.97,--,--
北京市,海河流域,东店,07-22 00:00,Ⅳ类,25.0,7.17,4.77,582.0,26.3,3.23,0.065,0.111,8.87,--,--
北京市,海河流域,密云水库,07-22 00:00,Ⅱ类,28.0,8.18,9.58,389.0,2.9,2.15,0.060,0.007,3.51,--,--
北京市,海河流域,大关桥,07-22 00:00,Ⅲ类,27.4,8.20,9.19,420.9,51.6,4.31,0.242,0.062,4.71,--,--
北京市,海河流域,辛庄桥,07-22 00:00,Ⅲ类,25.1,8.24,7.85,539.1,81.2,4.02,--,0.073,7.88,--,--
北京市,海河流域,谷家营,07-22 00:00,Ⅱ类,28.2,8.19,13.84,530.6,6.2,3.36,0.220,0.045,2.94,--,--
北京市,海河流域,后城,07-22 00:00,劣Ⅵ类,20.7,8.32,8.42,453.0,2819.4,20.19,--,1.440,38.09,--,--
天津市,海河流域,北洋桥,07-22 00:00,Ⅲ类,29.8,7.64,5.19,1227.2,22.3,5.20,0.617,0.190,2.78,--,--
天津市,海河流域,井冈山桥,07-22 00:00,Ⅴ类,29.3,7.58,2.57,991.1,44.8,3.44,0.744,0.142,2.28,--,--
天津市,海河流域,大红桥,07-22 00:00,劣Ⅵ类,29.8,7.29,0.10,1064.1,11.1,4.11,0.638,0.084,2.47,--,--
天津市,海河流域,曹庄子泵站,07-22 00:00,Ⅱ类,31.0,7.67,6.67,271.4,1.6,1.49,0.053,0.004,0.86,--,--
天津市,海河流域,生产圈闸,07-22 00:00,劣Ⅵ类,27.2,7.43,0.01,964.8,33.0,4.02,1.711,0.169,2.48,--,--
天津市,海河流域,尔王庄泵站,07-22 00:00,Ⅱ类,30.2,7.92,6.94,259.0,6.1,2.05,--,0.013,0.90,--,--
天津市,海河流域,塘汉公路桥,07-22 00:00,Ⅳ类,26.3,7.54,3.07,634.0,48.0,3.21,0.013,0.136,4.89,--,--
天津市,海河流域,海河大闸,07-22 00:00,Ⅳ类,28.9,7.77,4.90,1857.2,17.8,5.20,0.306,0.195,2.77,--,--
天津市,海河流域,北排水河防潮闸,07-22 00:00,Ⅲ类,18.9,8.45,5.29,2030.7,38.7,4.40,0.024,0.070,0.76,--,--
天津市,海河流域,沧浪渠出境,07-22 00:00,Ⅳ类,28.3,7.75,3.92,6775.5,440.2,6.69,0.051,0.154,2.98,--,--
天津市,海河流域,万家码头,07-22 00:00,Ⅴ类,28.3,7.67,2.30,1595.9,28.8,5.19,0.035,0.118,1.14,--,--
天津市,海河流域,蓟运河防潮闸,07-22 00:00,Ⅴ类,30.1,6.97,2.42,724.3,36.3,5.01,0.553,0.187,2.32,--,--
天津市,海河流域,青静黄防潮闸,07-22 00:00,Ⅳ类,22.7,8.40,11.86,6518.1,125.1,8.06,0.060,0.205,1.27,--,--
天津市,海河流域,阎辛庄,07-22 00:00,Ⅴ类,20.2,7.30,2.10,1158.6,55.5,2.31,0.028,0.099,2.53,--,--
天津市,海河流域,于桥水库库中心,07-22 00:00,Ⅲ类,29.8,--,14.42,393.5,24.1,5.45,0.001,0.040,3.06,0.010,--
天津市,海河流域,于桥水库出口,07-22 00:00,Ⅲ类,26.0,8.02,7.75,363.0,15.2,4.87,0.117,0.049,3.77,--,--
天津市,海河流域,黎河桥,07-22 00:00,Ⅲ类,24.2,7.71,8.55,720.3,15.1,2.82,0.167,0.146,10.70,--,--
天津市,海河流域,沙河桥,07-22 00:00,Ⅱ类,24.4,7.60,6.61,518.0,38.8,1.79,0.174,0.087,8.15,--,--
河北省,海河流域,下槐镇,07-22 00:00,Ⅱ类,26.5,8.23,7.38,602.8,157.4,2.68,0.025,0.091,2.58,--,--
河北省,海河流域,地都,07-22 00:00,Ⅱ类,22.5,7.88,6.10,1145.7,49.0,1.35,0.423,0.035,4.89,--,--
河北省,海河流域,平山桥,07-22 00:00,Ⅲ类,26.4,7.84,6.46,1173.2,32.5,2.15,0.678,0.086,6.36,--,--
河北省,海河流域,兆通,07-22 00:00,Ⅰ类,29.8,8.58,8.09,291.9,2.2,1.94,0.021,0.008,0.88,--,--
河北省,海河流域,大石桥,07-22 00:00,劣Ⅵ类,27.5,7.31,3.12,680.9,94.0,7.64,3.207,0.307,8.38,--,--
河北省,海河流域,涧河口,07-22 00:00,Ⅲ类,30.1,7.86,7.51,582.0,46.9,4.93,0.028,0.106,3.33,--,--
河北省,海河流域,丰北闸,07-22 00:00,Ⅲ类,29.1,7.87,8.79,556.2,22.7,5.53,--,0.173,5.00,--,--
河北省,海河流域,滦县大桥,07-22 00:00,Ⅱ类,20.6,7.88,8.74,507.1,57.8,3.62,0.036,0.077,5.45,--,--
河北省,海河流域,新开河口,07-22 00:00,Ⅳ类,31.6,7.01,4.69,45060.8,1.7,2.22,0.067,0.034,1.20,--,--
河北省,海河流域,曲周,07-22 00:00,Ⅲ类,31.2,7.92,9.12,869.5,19.0,4.84,0.126,0.060,3.02,--,--
河北省,海河流域,艾辛庄,07-22 00:00,劣Ⅵ类,27.6,7.30,1.63,700.3,83.8,7.74,3.975,0.448,12.72,--,--
河北省,海河流域,后西吴桥,07-22 00:00,劣Ⅵ类,29.8,7.56,2.63,664.3,59.4,7.01,3.956,0.386,10.05,--,--
河北省,海河流域,北河店,07-22 00:00,Ⅲ类,27.8,7.84,5.30,484.9,6.6,1.55,--,0.023,3.95,--,--
河北省,海河流域,白合,07-22 00:00,Ⅱ类,25.5,8.23,7.65,513.5,134.5,2.03,--,0.072,3.64,--,--
河北省,海河流域,杜里村,07-22 00:00,Ⅲ类,21.0,8.34,8.87,398.6,59.9,3.36,--,0.172,1.95,--,--
河北省,海河流域,温泉屯,07-22 00:00,劣Ⅵ类,22.0,8.26,5.35,1156.5,1690.2,6.85,0.004,0.443,14.23,--,--
河北省,海河流域,四道甸,07-22 00:00,Ⅳ类,24.5,8.27,8.06,347.2,--,8.64,--,0.024,37.95,--,--
河北省,海河流域,何老营,07-22 00:00,Ⅳ类,27.9,8.28,5.53,3072.3,21.2,7.02,--,0.205,0.96,--,--
河北省,海河流域,大口河口,07-22 00:00,Ⅲ类,28.7,7.97,5.77,9963.0,140.4,5.55,0.692,0.125,3.47,--,--
河北省,海河流域,四埝村桥,07-22 00:00,Ⅳ类,29.7,8.75,6.78,4048.1,28.0,7.22,0.032,0.218,1.30,--,--
河北省,海河流域,大王务,07-22 00:00,Ⅳ类,29.2,7.80,6.38,876.4,5.8,7.53,0.053,0.076,0.84,--,--
河北省,海河流域,台头,07-22 00:00,Ⅲ类,30.0,7.75,5.37,814.8,18.9,4.01,0.058,0.056,0.48,--,--
河北省,海河流域,三小营,07-22 00:00,劣Ⅵ类,30.2,7.26,1.67,718.2,14.5,4.97,0.348,0.188,3.23,--,--
河北省,海河流域,小范桥,07-22 00:00,Ⅲ类,31.1,8.57,8.98,835.2,2.0,4.66,0.009,0.067,0.52,--,--
河北省,海河流域,衡水湖大湖心,07-22 00:00,Ⅲ类,30.8,8.40,7.91,1594.7,30.7,5.15,0.036,0.028,0.60,0.026,14632940
河北省,海河流域,南张村,07-22 00:00,Ⅱ类,32.1,8.18,6.05,338.0,3.4,2.19,0.068,0.012,0.73,--,--
河北省,海河流域,安州,07-22 00:00,Ⅴ类,30.5,7.36,2.92,998.1,32.9,4.38,0.226,0.081,4.16,--,--
河北省,海河流域,烧车淀,07-22 00:00,Ⅱ类,30.0,8.06,10.92,532.0,5.1,2.39,--,0.023,2.69,0.002,3188508
河北省,海河流域,圈头,07-22 00:00,Ⅱ类,30.4,8.11,7.51,662.2,1.0,2.99,--,0.018,1.00,0.002,3759723
河北省,海河流域,采蒲台,07-22 00:00,Ⅰ类,29.7,7.85,9.01,695.5,0.4,--,--,--,--,0.002,515938
河北省,海河流域,光淀张庄,07-22 00:00,Ⅱ类,30.4,7.81,6.62,556.8,5.9,--,--,0.020,2.12,0.003,3596368
山西省,黄河流域,韩武村,07-22 00:00,劣Ⅵ类,27.9,8.23,6.49,1110.4,22.1,--,2.334,0.274,8.40,--,--
山西省,黄河流域,上兰,07-22 00:00,Ⅱ类,21.6,8.32,7.43,611.5,3.7,1.44,0.128,--,2.18,--,--
山西省,黄河流域,汾河水库出口,07-22 00:00,Ⅰ类,25.7,8.36,9.66,732.0,4.5,1.89,0.011,--,1.51,0.011,299876
山西省,海河流域,堡子湾,07-22 00:00,Ⅳ类,18.8,8.21,6.66,779.6,--,7.49,0.001,0.126,5.76,--,--
山西省,海河流域,册田水库出口,07-22 00:00,Ⅲ类,23.6,8.25,6.84,1154.5,10.4,4.31,0.245,0.085,1.01,--,--
山西省,海河流域,古家坡,07-22 00:00,Ⅳ类,25.6,8.50,5.66,751.7,63.3,6.53,0.029,0.130,1.61,--,--
山西省,海河流域,闫家庄大桥,07-22 00:00,Ⅱ类,25.1,8.47,7.79,543.3,116.5,2.63,0.001,0.076,2.65,--,--
山西省,海河流域,白羊墅,07-22 00:00,Ⅴ类,24.7,7.83,4.95,1354.5,177.6,8.03,1.266,0.308,9.71,--,--
山西省,海河流域,王家庄,07-22 00:00,Ⅱ类,27.2,8.29,7.76,659.6,39.3,2.46,0.011,0.045,3.33,--,--
山西省,海河流域,司徒桥,07-22 00:00,Ⅳ类,26.6,7.64,4.53,469.8,36.8,3.29,0.004,0.042,1.81,--,--
山西省,海河流域,关河水库出口,07-22 00:00,Ⅴ类,23.1,7.62,2.84,671.2,8.1,3.24,0.242,0.031,1.11,--,--
山西省,海河流域,北寨,07-22 00:00,劣Ⅵ类,25.6,7.54,2.84,703.5,51.6,6.86,2.340,0.227,6.15,--,--
山西省,海河流域,后湾水库出口,07-22 00:00,Ⅱ类,25.8,8.51,8.63,470.1,19.3,2.95,0.002,0.015,1.52,--,--
山西省,黄河流域,龙头,07-22 00:00,Ⅱ类,25.0,8.23,6.66,548.4,65.4,2.92,--,0.035,2.94,--,--
山西省,黄河流域,拴驴泉,07-22 00:00,Ⅱ类,21.4,8.31,8.40,681.0,45.3,2.20,0.026,0.032,5.07,--,--
山西省,海河流域,东榆林水库出口,07-22 00:00,Ⅱ类,24.7,8.05,6.73,711.1,25.6,3.83,0.097,0.096,2.34,--,--
山西省,黄河流域,杀虎口,07-22 00:00,Ⅲ类,21.4,8.23,7.01,566.5,42.8,4.57,0.009,0.048,1.44,--,--
山西省,海河流域,王寨村,07-22 00:00,Ⅱ类,25.9,8.17,7.01,560.5,51.1,1.03,--,0.028,2.44,--,--
山西省,黄河流域,安固桥,07-22 00:00,劣Ⅵ类,26.3,7.58,2.03,1250.5,85.6,7.98,3.801,0.601,11.86,--,--
山西省,黄河流域,王庄桥南,07-22 00:00,Ⅴ类,27.8,8.00,5.86,1152.3,98.3,14.24,0.001,0.160,6.40,--,--
山西省,黄河流域,郝村,07-22 00:00,Ⅲ类,24.8,7.45,7.43,1402.4,29.6,4.22,0.034,0.169,7.07,--,--
山西省,黄河流域,张留庄,07-22 00:00,Ⅴ类,29.9,8.68,8.48,6378.1,259.3,9.61,0.034,0.329,9.14,--,--
山西省,黄河流域,上亳城,07-22 00:00,Ⅱ类,25.8,8.39,6.84,804.5,7.5,1.64,--,0.043,3.62,--,--
山西省,黄河流域,小韩村,07-22 00:00,Ⅴ类,25.2,7.38,3.81,999.7,200.0,6.00,0.446,0.380,5.05,--,--
山西省,海河流域,梵王寺,07-22 00:00,Ⅲ类,18.5,7.86,6.24,1035.5,53.2,1.75,0.845,0.125,4.58,--,--
山西省,海河流域,代县桥,07-22 00:00,Ⅲ类,20.8,8.38,7.84,733.8,305.6,4.07,0.005,0.138,4.32,--,--
山西省,海河流域,定襄桥,07-22 00:00,Ⅳ类,25.5,8.45,5.64,799.8,1106.5,6.19,0.004,0.252,5.76,--,--
山西省,海河流域,南庄,07-22 00:00,Ⅱ类,23.8,8.26,6.95,610.2,143.6,2.45,--,0.092,5.96,--,--
山西省,海河流域,坪上桥,07-22 00:00,Ⅲ类,18.9,8.23,7.47,434.3,184.7,4.40,0.122,0.149,6.93,--,--
山西省,黄河流域,河西村,07-22 00:00,Ⅳ类,21.1,8.25,7.10,539.7,1967.5,5.43,1.456,0.274,6.89,--,--
山西省,黄河流域,上平望,07-22 00:00,Ⅳ类,28.5,7.79,4.10,971.0,288.6,4.21,0.224,0.066,6.48,--,--
山西省,黄河流域,黑城村,07-22 00:00,Ⅳ类,25.6,8.33,7.27,712.2,1142.2,7.21,--,0.088,6.57,--,--
山西省,黄河流域,曲立,07-22 00:00,Ⅲ类,20.1,8.04,6.30,586.6,92.9,2.77,0.027,0.148,4.26,--,--
山西省,黄河流域,裴家川口,07-22 00:00,Ⅱ类,21.0,8.30,8.75,471.3,642.5,2.37,0.003,0.056,3.96,--,--
山西省,黄河流域,碛口,07-22 00:00,Ⅳ类,25.7,8.55,7.01,892.9,1592.8,6.96,0.006,0.180,8.02,--,--
山西省,黄河流域,裴沟,07-22 00:00,Ⅴ类,24.1,8.30,6.91,627.7,805.1,4.56,0.020,0.326,3.69,--,--
山西省,黄河流域,三川河两河口桥,07-22 00:00,Ⅲ类,25.3,8.26,7.01,700.6,216.5,3.74,0.018,0.176,5.44,--,--
山西省,黄河流域,碧村,07-22 00:00,Ⅳ类,21.9,8.09,7.78,468.9,1846.4,7.87,0.369,0.185,8.29,--,--
山西省,黄河流域,北峪口,07-22 00:00,Ⅱ类,19.4,7.87,6.25,481.3,49.8,2.23,0.089,--,2.77,--,--
山西省,黄河流域,南姚,07-22 00:00,Ⅳ类,26.8,7.75,4.36,711.7,74.6,4.13,0.248,0.139,3.22,--,--
内蒙古自治区,松花江流域,根河口内,07-22 00:00,Ⅴ类,19.7,6.61,6.27,70.6,42.6,12.17,--,0.061,0.42,--,--
内蒙古自治区,松花江流域,陶海,07-22 00:00,Ⅴ类,21.7,6.92,6.10,94.8,38.6,13.41,--,0.107,0.77,--,--
内蒙古自治区,松花江流域,嵯岗,07-22 00:00,Ⅴ类,22.6,7.36,5.73,178.5,27.2,12.81,--,0.122,0.63,--,--
内蒙古自治区,松花江流域,成吉思汗,07-22 00:00,Ⅱ类,20.4,6.97,7.98,111.8,32.2,3.98,--,0.041,1.30,--,--
内蒙古自治区,松花江流域,讷尔克气,07-22 00:00,Ⅳ类,16.6,6.98,8.69,63.7,15.1,6.87,--,0.025,0.26,--,--
内蒙古自治区,松花江流域,大山矿,07-22 00:00,Ⅳ类,23.5,6.46,7.46,--,622.0,7.46,--,0.045,0.58,--,--
内蒙古自治区,松花江流域,察尔森水库西入口,07-22 00:00,Ⅳ类,23.1,7.39,5.58,156.2,95.0,5.25,--,0.058,1.64,0.013,2862690
辽宁省,辽河流域,于台,07-22 00:00,Ⅳ类,21.7,7.01,4.58,922.1,8.8,3.70,0.915,0.133,8.41,--,--
湖北省,长江流域,牛山湖湖心,07-22 00:00,Ⅱ类,31.8,8.90,8.38,190.6,10.9,3.55,--,0.017,--,0.004,109909300
湖北省,长江流域,西梁子湖湖北,07-22 00:00,Ⅱ类,32.3,--,7.48,172.3,25.7,--,--,0.019,0.54,0.006,8572554
湖北省,长江流域,杨泗港,07-22 00:00,Ⅱ类,28.8,7.64,6.60,262.5,40.0,1.69,--,0.050,1.45,--,--
湖北省,长江流域,龙口,07-22 00:00,劣Ⅵ类,31.5,9.08,9.20,144.4,13.2,7.08,0.013,0.062,1.28,--,--
湖北省,长江流域,金水闸,07-22 00:00,Ⅴ类,30.4,7.21,2.49,242.8,35.0,4.26,0.092,0.056,0.98,--,--
湖北省,长江流域,滠口,07-22 00:00,Ⅲ类,31.3,7.56,7.06,139.2,7.9,4.81,0.005,0.057,0.87,--,--
湖北省,长江流域,港洲村,07-22 00:00,Ⅳ类,31.8,7.80,7.64,445.4,100.3,6.11,0.015,0.084,0.63,--,--
湖北省,长江流域,白浒山,07-22 00:00,Ⅱ类,29.0,7.75,6.62,297.5,36.1,1.87,0.032,0.079,1.51,--,--
湖北省,长江流域,挖沟泵站,07-22 00:00,-1,--,--,--,--,--,--,--,--,--,--,--
湖北省,长江流域,富池闸,07-22 00:00,Ⅳ类,28.2,7.77,3.91,203.4,19.6,2.03,0.112,0.057,1.66,--,--
湖北省,长江流域,大冶湖闸,07-22 00:00,Ⅲ类,31.7,7.54,5.78,331.7,28.5,3.75,0.114,0.075,0.71,--,--
湖北省,长江流域,夹河口,07-22 00:00,Ⅲ类,26.8,7.65,5.42,318.5,2.9,0.66,0.0003,--,1.26,--,--
湖北省,长江流域,天河口,07-22 00:00,Ⅲ类,31.5,7.95,5.25,380.4,3.5,2.49,0.052,0.036,0.86,--,--
湖北省,长江流域,孙家湾,07-22 00:00,Ⅱ类,33.5,8.55,17.52,457.1,21.7,2.82,0.022,0.094,1.52,--,--
湖北省,长江流域,浪河口,07-22 00:00,Ⅱ类,33.4,8.76,10.83,184.9,3.8,2.17,0.017,0.019,1.12,--,--
湖北省,长江流域,丹江口水库坝上中,07-22 00:00,Ⅰ类,31.5,8.47,9.72,249.6,1.3,1.27,0.066,0.003,0.91,0.001,17016000
湖北省,长江流域,陈家坡,07-22 00:00,Ⅰ类,31.2,8.64,9.76,236.8,6.3,1.52,0.044,0.012,0.85,--,--
湖北省,长江流域,潘口水库坝上,07-22 00:00,Ⅰ类,31.3,8.85,11.33,177.2,2.3,1.65,--,0.008,0.16,--,--
湖北省,长江流域,剑河口,07-22 00:00,Ⅱ类,32.6,8.50,10.92,212.6,2.4,2.14,0.004,0.018,0.81,--,--
湖北省,长江流域,东湾桥,07-22 00:00,Ⅱ类,30.5,7.85,6.67,472.7,6.6,3.94,0.008,0.060,2.24,--,--
湖北省,长江流域,玉皇滩,07-22 00:00,Ⅰ类,30.8,8.16,8.90,371.2,12.5,1.48,0.024,0.015,1.18,--,--
湖北省,长江流域,王河电站,07-22 00:00,Ⅱ类,30.7,8.23,7.59,402.0,10.7,1.09,0.034,0.026,1.00,--,--
湖北省,长江流域,隔河岩水库坝上,07-22 00:00,Ⅱ类,20.3,8.76,8.92,184.8,3.1,1.05,--,0.014,1.69,0.038,4030016
湖北省,长江流域,清江大桥,07-22 00:00,Ⅲ类,22.0,7.56,7.09,321.2,20.7,2.01,0.011,0.113,3.67,--,--
湖北省,长江流域,南津关,07-22 00:00,Ⅱ类,25.5,7.85,6.73,460.3,12.1,1.86,0.019,0.044,1.85,0.016,--
湖北省,长江流域,马渡河,07-22 00:00,Ⅱ类,24.3,7.44,6.41,366.7,24.6,1.93,0.007,0.015,1.96,--,--
湖北省,长江流域,铁路大桥,07-22 00:00,Ⅲ类,31.0,8.18,10.86,519.1,12.3,2.91,--,0.133,1.35,--,--
湖北省,长江流域,两河口,07-22 00:00,Ⅲ类,32.9,7.78,9.12,502.6,49.8,4.80,0.053,0.121,2.69,--,--
湖北省,长江流域,桅杆坪,07-22 00:00,Ⅱ类,18.4,7.48,7.12,284.1,4.1,0.89,--,0.036,2.91,--,--
湖北省,长江流域,白石港,07-22 00:00,Ⅱ类,31.2,8.32,7.34,308.9,4.2,2.17,0.007,0.008,1.09,--,--
湖北省,长江流域,云池,07-22 00:00,Ⅱ类,25.0,7.80,6.99,373.2,10.8,1.60,--,0.041,1.80,--,--
湖北省,长江流域,翟湾,07-22 00:00,Ⅱ类,32.1,7.86,6.62,421.5,31.5,3.89,--,0.057,1.23,--,--
湖北省,长江流域,余家湖,07-22 00:00,Ⅱ类,29.9,7.87,6.82,306.7,12.5,2.36,0.009,0.030,1.20,--,--
湖北省,长江流域,聂家滩,07-22 00:00,Ⅱ类,30.5,8.31,10.11,332.2,19.8,2.60,0.001,0.058,0.61,--,--
湖北省,长江流域,汤店,07-22 00:00,Ⅲ类,32.5,7.78,9.31,704.5,8.3,5.99,--,0.038,2.08,--,--
湖北省,长江流域,沈湾,07-22 00:00,Ⅰ类,16.4,7.79,7.67,342.0,7.3,1.51,0.018,0.008,1.33,--,--
湖北省,长江流域,朱市,07-22 00:00,Ⅲ类,32.0,8.01,11.22,515.8,30.4,3.17,0.074,0.110,0.92,--,--
湖北省,长江流域,茶庵,07-22 00:00,Ⅱ类,28.7,7.90,8.59,316.9,3.2,2.93,0.034,0.063,1.31,--,--
湖北省,长江流域,马兰河口,07-22 00:00,Ⅲ类,30.4,7.75,5.87,379.9,27.2,2.15,0.021,0.045,2.65,--,--
湖北省,长江流域,燕矶,07-22 00:00,Ⅱ类,29.1,7.62,6.26,299.7,33.7,1.65,0.078,0.055,1.64,--,--
湖北省,长江流域,东梁子湖湖心,07-22 00:00,Ⅲ类,31.8,--,8.14,181.4,20.6,5.04,--,0.042,0.50,--,--
湖北省,长江流域,梁子湖七星站,07-22 00:00,Ⅳ类,30.9,7.71,3.25,194.0,18.4,5.93,0.064,0.002,0.91,0.027,261399000
湖北省,长江流域,漳河水库库心,07-22 00:00,Ⅰ类,32.3,8.18,7.78,302.1,1.2,1.74,--,0.002,0.51,0.00003,23770000
湖北省,长江流域,转斗,07-22 00:00,Ⅱ类,30.4,8.32,8.16,354.8,9.8,2.78,0.0002,0.022,1.11,--,--
湖北省,长江流域,罗汉闸,07-22 00:00,Ⅱ类,32.0,7.95,8.09,341.6,9.0,2.65,0.031,0.042,1.13,--,--
湖北省,长江流域,京山河邓李港,07-22 00:00,Ⅲ类,32.5,7.63,6.91,462.7,12.9,4.01,0.079,0.150,2.92,--,--
湖北省,长江流域,马良龚家湾,07-22 00:00,Ⅴ类,33.7,7.22,2.13,1781.0,47.6,5.50,0.407,0.224,2.21,--,--
湖北省,长江流域,应城公路桥,07-22 00:00,Ⅱ类,32.4,8.02,7.97,443.7,16.3,2.65,0.010,0.056,0.77,--,--
湖北省,长江流域,田店泵站,07-22 00:00,Ⅱ类,31.5,8.06,6.95,398.3,20.2,3.10,0.017,0.044,0.84,--,--
湖北省,长江流域,小河,07-22 00:00,Ⅲ类,30.9,7.94,5.39,375.3,54.4,2.12,0.036,0.058,2.30,--,--
湖北省,长江流域,孝昌王店,07-22 00:00,Ⅲ类,32.5,6.65,11.07,313.4,29.0,5.95,0.024,0.114,1.62,--,--
湖北省,长江流域,大悟河口,07-22 00:00,Ⅲ类,31.7,7.75,6.13,192.1,14.4,2.73,0.019,0.104,1.22,--,--
湖北省,长江流域,安陆桑树,07-22 00:00,Ⅱ类,33.2,7.87,10.27,452.2,19.0,2.79,0.015,0.033,0.71,--,--
湖北省,长江流域,隔蒲桥,07-22 00:00,Ⅲ类,32.3,7.53,6.22,402.7,20.8,5.07,0.084,0.074,1.99,--,--
湖北省,长江流域,汉川新堰,07-22 00:00,劣Ⅵ类,32.4,7.11,1.90,499.2,25.9,3.36,0.599,0.177,2.70,--,--
湖北省,长江流域,杨柴湖,07-22 00:00,Ⅳ类,29.2,7.11,4.70,317.2,11.6,2.96,--,0.034,0.55,0.006,8909430
湖北省,长江流域,排水闸,07-22 00:00,Ⅳ类,27.9,7.77,6.45,302.5,45.7,1.68,0.007,0.062,1.88,0.005,14319890
湖北省,长江流域,洪湖湖心,07-22 00:00,Ⅲ类,30.9,8.22,9.31,288.5,45.4,3.26,0.032,0.037,1.40,0.001,40292
湖北省,长江流域,观音寺,07-22 00:00,Ⅱ类,25.9,7.82,7.20,383.6,22.9,1.76,--,0.046,2.22,--,--
湖北省,长江流域,荆州河口,07-22 00:00,Ⅲ类,31.0,7.64,12.29,503.2,21.6,4.77,0.028,0.048,1.47,--,--
湖北省,长江流域,康家岗,07-22 00:00,Ⅱ类,26.8,7.78,7.29,379.8,37.6,1.62,0.005,0.062,1.93,--,--
湖北省,长江流域,淤泥湖,07-22 00:00,Ⅱ类,27.9,7.96,8.25,357.3,27.6,1.78,0.002,0.071,1.63,--,--
湖北省,长江流域,杨家垱,07-22 00:00,Ⅱ类,27.9,8.02,8.45,365.8,25.9,1.46,0.007,0.079,2.15,--,--
湖北省,长江流域,调关,07-22 00:00,Ⅱ类,26.3,7.70,7.64,352.0,27.5,1.28,0.004,0.052,1.94,--,--
湖北省,长江流域,砖瓦厂,07-22 00:00,Ⅱ类,26.2,7.83,7.00,365.9,21.3,1.24,--,0.051,2.31,--,--
湖北省,长江流域,东关桥,07-22 00:00,Ⅳ类,32.8,7.32,3.19,470.5,29.2,2.89,0.139,0.109,3.27,--,--
湖北省,长江流域,姚集,07-22 00:00,Ⅳ类,29.2,7.49,4.58,415.1,29.3,2.70,0.104,0.078,1.96,--,--
湖北省,长江流域,乌溪沟,07-22 00:00,Ⅲ类,23.2,8.10,7.93,312.2,50.0,2.10,0.064,0.190,3.12,--,--
湖北省,长江流域,蕲春县八里湖,07-22 00:00,Ⅳ类,29.0,7.21,4.26,138.7,329.0,3.36,0.348,0.188,2.22,--,--
湖北省,长江流域,咸宁湖心,07-22 00:00,Ⅳ类,32.3,8.52,7.64,185.8,20.9,5.47,0.054,0.061,1.16,0.018,31957450
湖北省,长江流域,富水水库,07-22 00:00,Ⅲ类,30.5,--,10.22,200.7,14.3,4.93,0.040,0.045,1.03,0.010,23570000
湖北省,长江流域,窑嘴大桥,07-22 00:00,Ⅳ类,30.6,7.23,3.57,370.5,20.6,2.24,0.042,0.064,1.94,--,--
湖北省,长江流域,陆溪口,07-22 00:00,Ⅱ类,28.9,7.60,7.12,212.2,21.2,3.89,0.167,0.074,1.55,--,--
湖北省,长江流域,洪下水文站,07-22 00:00,Ⅲ类,27.7,7.46,5.94,177.9,11.2,1.94,0.112,0.082,1.26,--,--
湖北省,长江流域,厉山,07-22 00:00,Ⅲ类,25.4,8.84,8.11,--,1.7,5.80,0.041,0.062,1.54,--,--
湖北省,长江流域,平林,07-22 00:00,劣Ⅵ类,33.4,9.08,10.64,329.1,8.2,9.02,0.030,0.150,1.44,--,--
湖北省,长江流域,涢水大桥,07-22 00:00,Ⅲ类,33.7,8.63,26.58,439.8,35.4,5.99,0.085,0.088,0.86,--,--
湖北省,长江流域,江口村,07-22 00:00,Ⅰ类,29.8,8.82,18.56,153.4,7.9,1.50,0.014,0.019,1.25,--,--
湖北省,长江流域,恩施大沙坝,07-22 00:00,Ⅱ类,23.7,8.08,6.98,323.6,9.7,1.80,0.020,0.070,3.51,--,--
湖北省,长江流域,雪照河,07-22 00:00,Ⅱ类,22.2,8.22,8.88,304.8,25.6,2.47,--,0.084,3.66,--,--
湖北省,长江流域,周家坝,07-22 00:00,Ⅱ类,21.6,7.90,8.48,252.8,28.4,1.43,--,0.034,2.40,--,--
湖北省,长江流域,积玉口荷花村,07-22 00:00,Ⅲ类,32.9,7.43,5.25,350.6,43.2,3.65,--,0.122,0.83,--,--
湖北省,长江流域,潜江大桥,07-22 00:00,Ⅱ类,31.7,7.58,6.77,393.0,25.2,1.21,0.078,0.040,1.27,--,--
湖北省,长江流域,岳口,07-22 00:00,Ⅱ类,29.3,8.02,7.38,349.5,30.4,2.22,0.054,0.057,1.42,--,--
湖北省,长江流域,拖市,07-22 00:00,劣Ⅵ类,31.1,7.11,1.87,468.8,25.8,4.26,0.281,0.174,2.20,--,--
湖北省,长江流域,阳日湾,07-22 00:00,Ⅱ类,23.5,7.96,7.98,343.7,18.7,1.00,0.044,0.072,1.14,--,--
湖南省,长江流域,昭山,07-22 00:00,Ⅲ类,29.9,7.29,5.50,213.4,32.5,1.71,0.053,0.077,1.52,--,--
湖南省,长江流域,捞刀河口,07-22 00:00,Ⅳ类,28.2,6.30,4.25,132.1,34.5,3.82,0.497,0.129,1.88,--,--
湖南省,长江流域,三角洲,07-22 00:00,Ⅴ类,27.2,6.67,2.41,145.1,19.5,2.64,0.485,0.165,2.63,--,--
湖南省,长江流域,胜利,07-22 00:00,Ⅳ类,28.4,6.79,3.38,182.8,19.9,3.32,0.158,0.069,1.28,--,--
湖南省,长江流域,桔子洲,07-22 00:00,Ⅲ类,30.3,7.62,5.24,261.1,28.4,1.79,0.198,0.092,1.97,--,--
湖南省,长江流域,西阳渡口,07-22 00:00,Ⅲ类,27.5,7.48,5.72,319.2,20.3,2.30,0.040,0.027,2.00,--,--
湖南省,长江流域,舂陵水入湘江口,07-22 00:00,Ⅱ类,30.8,7.95,6.55,274.5,7.1,1.85,0.084,0.054,1.23,--,--
湖南省,长江流域,熬洲,07-22 00:00,Ⅱ类,25.1,8.75,7.33,--,0.4,1.83,0.121,0.091,1.15,--,--
湖南省,长江流域,洣水入湘江口,07-22 00:00,Ⅳ类,30.6,7.27,5.52,134.0,13.6,0.21,0.050,0.221,1.47,--,--
湖南省,长江流域,城北水厂,07-22 00:00,Ⅱ类,30.4,8.20,7.65,184.9,20.6,1.55,0.086,0.059,1.21,--,--
湖南省,长江流域,窑市,07-22 00:00,Ⅱ类,23.1,7.26,8.67,38.0,53.5,2.91,--,0.045,1.00,--,--
湖南省,长江流域,渡头村,07-22 00:00,Ⅱ类,28.6,7.45,7.63,177.7,19.8,1.49,0.038,0.088,0.93,--,--
湖南省,长江流域,邵水入河口,07-22 00:00,Ⅱ类,28.8,7.89,6.40,351.5,12.6,2.65,0.212,0.088,1.79,--,--
湖南省,长江流域,绥宁河口镇,07-22 00:00,Ⅱ类,24.6,7.40,9.25,89.8,32.2,1.16,0.020,0.027,0.65,--,--
湖南省,长江流域,岳阳楼,07-22 00:00,Ⅳ类,31.2,7.67,5.56,219.8,35.6,0.96,0.019,0.061,1.07,0.026,446838
湖南省,长江流域,城陵矶,07-22 00:00,Ⅱ类,27.8,7.78,6.39,287.6,42.6,1.29,0.019,0.045,1.78,--,--
湖南省,长江流域,荆江口,07-22 00:00,Ⅱ类,29.6,7.77,7.12,383.7,24.0,0.99,0.084,0.070,1.87,--,--
湖南省,长江流域,六门闸,07-22 00:00,Ⅳ类,31.7,7.20,3.02,356.6,12.4,2.33,0.034,0.104,1.62,--,--
湖南省,长江流域,南渡,07-22 00:00,Ⅲ类,29.0,6.66,5.12,99.7,19.5,2.07,0.346,0.158,1.64,--,--
湖南省,长江流域,八仙桥,07-22 00:00,Ⅳ类,29.7,6.69,4.47,116.7,14.4,3.49,0.110,0.076,1.24,--,--
湖南省,长江流域,坡头,07-22 00:00,Ⅱ类,28.8,7.95,8.65,160.1,26.9,1.06,--,0.032,1.69,0.001,--
湖南省,长江流域,蒋家嘴,07-22 00:00,Ⅱ类,27.0,7.54,6.20,176.1,39.5,1.21,0.076,0.014,1.04,0.003,26481000
湖南省,长江流域,马坡湖,07-22 00:00,Ⅲ类,27.6,8.06,8.01,355.0,30.4,1.72,--,0.116,2.06,--,--
湖南省,长江流域,永定澄潭,07-22 00:00,Ⅲ类,25.7,7.84,9.39,197.2,50.1,0.81,0.069,0.143,0.61,--,--
湖南省,长江流域,万家嘴,07-22 00:00,Ⅱ类,27.2,7.24,7.06,152.5,37.7,1.68,0.022,0.077,3.10,0.002,206906
湖南省,长江流域,南嘴,07-22 00:00,Ⅳ类,30.5,7.55,6.70,199.6,88.6,1.73,--,0.063,1.31,0.030,796001
湖南省,长江流域,小河嘴,07-22 00:00,Ⅲ类,29.0,7.74,6.15,198.4,44.1,1.28,--,0.027,1.20,0.002,54694800
湖南省,长江流域,坪口,07-22 00:00,Ⅱ类,28.3,7.66,8.13,204.3,25.5,1.34,0.014,0.030,1.61,--,--
湖南省,长江流域,桃谷山,07-22 00:00,Ⅱ类,27.2,7.59,7.27,174.4,53.2,1.27,--,0.078,2.03,--,--
湖南省,长江流域,头山,07-22 00:00,Ⅰ类,29.4,8.66,8.78,126.1,2.1,0.28,--,0.010,0.60,0.002,4873000
湖南省,长江流域,渡口大桥,07-22 00:00,Ⅳ类,30.2,6.98,4.23,157.0,26.6,3.34,0.113,0.106,1.33,--,--
湖南省,长江流域,五强溪,07-22 00:00,Ⅱ类,29.3,8.10,8.92,177.3,2.3,1.12,0.011,0.029,1.21,--,--
湖南省,长江流域,铜信溪电站,07-22 00:00,Ⅱ类,25.9,8.03,7.97,214.4,26.6,1.18,0.104,0.033,1.74,--,--
湖南省,长江流域,地阳坪公路大桥,07-22 00:00,Ⅱ类,24.6,6.97,8.08,73.5,21.5,1.75,--,0.051,0.54,--,--
湖南省,长江流域,舞水入河口,07-22 00:00,Ⅱ类,28.0,7.67,6.55,215.6,13.3,1.93,0.072,0.074,1.67,--,--
湖南省,长江流域,溪子口,07-22 00:00,Ⅱ类,22.1,7.52,8.21,231.0,3.1,0.40,0.026,0.028,1.36,--,--
湖南省,长江流域,球溪,07-22 00:00,Ⅱ类,30.2,7.51,7.07,205.8,3.4,1.51,0.009,0.069,1.55,--,--
湖南省,长江流域,街埠头,07-22 00:00,Ⅳ类,31.3,7.41,4.32,371.4,6.0,2.14,0.272,0.048,1.95,--,--
湖南省,长江流域,浦市上游,07-22 00:00,Ⅱ类,28.5,7.34,6.97,157.8,11.3,0.99,--,0.052,1.20,--,--
湖南省,长江流域,江口,07-22 00:00,Ⅱ类,26.9,7.81,6.66,294.4,3.4,1.14,0.291,0.015,2.10,--,--
湖南省,长江流域,武水汇合口,07-22 00:00,Ⅱ类,28.6,7.41,6.81,150.2,10.3,1.19,0.003,0.034,0.96,--,--
广东省,珠江流域,珠海大桥,07-22 00:00,Ⅲ类,28.1,7.62,5.91,248.7,155.2,1.98,--,0.067,2.31,--,--
广东省,珠江流域,石角咀水闸,07-22 00:00,Ⅴ类,29.1,6.86,2.11,545.2,54.0,3.62,1.934,0.184,3.30,--,--
广东省,珠江流域,鸡啼门大桥,07-22 00:00,Ⅳ类,28.0,7.32,4.92,369.2,56.3,1.66,0.254,0.149,2.26,--,--
广东省,珠江流域,布洲,07-22 00:00,Ⅲ类,27.2,7.67,6.16,205.8,230.9,3.23,--,0.104,2.56,--,--
广东省,珠江流域,海门湾桥闸,07-22 00:00,Ⅴ类,29.0,7.41,6.90,526.1,24.2,5.91,1.893,0.183,4.32,--,--
广东省,珠江流域,苍山渡口,07-22 00:00,Ⅳ类,28.4,7.03,4.25,203.8,50.8,3.11,0.070,0.134,1.88,--,--
广东省,珠江流域,牛湾,07-22 00:00,Ⅴ类,29.1,6.67,2.97,176.2,25.1,3.74,0.142,0.154,2.02,--,--
广东省,珠江流域,渠首,07-22 00:00,Ⅲ类,29.7,7.06,5.92,122.1,12.8,4.49,0.046,0.026,1.09,0.013,4308926
广东省,珠江流域,黄坡,07-22 00:00,Ⅴ类,31.5,6.62,2.51,172.3,14.7,4.67,0.212,0.113,1.53,--,--
广东省,珠江流域,运河管理局,07-22 00:00,Ⅲ类,29.5,7.66,7.33,130.7,28.1,4.81,0.006,0.026,0.86,--,--
广东省,珠江流域,排里,07-22 00:00,Ⅴ类,28.7,6.84,5.05,131.8,84.4,7.78,0.298,0.344,2.88,--,--
广东省,珠江流域,南渡河桥,07-22 00:00,Ⅴ类,31.7,6.59,2.47,191.4,25.0,5.38,0.616,0.071,3.23,--,--
广东省,珠江流域,营仔,07-22 00:00,Ⅳ类,30.1,6.87,4.47,184.4,16.4,5.56,0.058,0.125,2.41,--,--
广东省,珠江流域,黄竹尾水闸,07-22 00:00,Ⅳ类,30.7,6.54,3.57,131.3,34.9,4.05,0.089,0.162,2.35,--,--
广东省,珠江流域,塘口,07-22 00:00,Ⅳ类,29.9,6.76,4.90,126.7,22.2,3.46,0.100,0.185,2.70,--,--
广东省,珠江流域,石骨水库,07-22 00:00,Ⅱ类,29.6,--,8.11,65.7,3.4,1.46,0.015,0.016,0.46,--,--
广东省,珠江流域,良德水库,07-22 00:00,Ⅱ类,29.8,8.37,8.36,65.1,12.9,1.87,0.0002,0.012,0.24,0.008,2420810
广东省,珠江流域,米急渡,07-22 00:00,Ⅳ类,27.1,7.08,6.66,92.0,203.1,3.90,0.157,0.222,2.17,--,--
广东省,珠江流域,公庄河口,07-22 00:00,Ⅳ类,28.2,7.09,6.37,156.2,113.1,5.56,0.114,0.262,1.80,--,--
广东省,珠江流域,五丰渡口,07-22 00:00,Ⅳ类,28.6,6.75,4.54,89.1,129.2,2.93,0.145,0.101,3.45,--,--
广东省,珠江流域,新铺,07-22 00:00,Ⅲ类,29.2,7.16,5.01,123.1,11.9,1.61,0.118,0.046,1.76,--,--
广东省,珠江流域,海丰西闸,07-22 00:00,Ⅲ类,29.3,6.50,5.09,68.2,24.7,3.56,0.142,0.059,0.88,--,--
广东省,珠江流域,东溪水闸,07-22 00:00,Ⅳ类,30.1,6.50,3.03,199.1,47.9,6.61,0.201,0.127,1.64,--,--
广东省,珠江流域,江城,07-22 00:00,Ⅲ类,28.9,7.00,6.88,108.1,40.5,2.14,0.089,0.122,1.10,--,--
广东省,珠江流域,尖山,07-22 00:00,Ⅲ类,29.0,6.62,5.44,121.0,46.6,3.47,0.121,0.197,2.22,--,--
广东省,珠江流域,埠场,07-22 00:00,Ⅲ类,28.7,6.86,6.60,124.6,61.5,2.56,0.070,0.116,1.62,--,--
广东省,珠江流域,大泉,07-22 00:00,Ⅳ类,30.1,6.73,3.38,207.7,17.1,4.21,0.324,0.176,2.11,--,--
广东省,珠江流域,樟村,07-22 00:00,Ⅴ类,29.6,6.97,2.57,337.7,6.5,3.58,1.804,0.207,5.00,--,--
广东省,珠江流域,沙田泗盛,07-22 00:00,劣Ⅵ类,29.6,6.50,1.96,266.4,38.4,--,--,--,--,--,--
广东省,珠江流域,旗岭,07-22 00:00,Ⅳ类,29.1,7.15,4.05,359.1,21.4,2.50,0.751,0.206,4.98,--,--
广东省,珠江流域,石龙南河,07-22 00:00,Ⅳ类,29.5,6.73,3.52,138.3,19.4,1.94,0.119,0.083,1.61,--,--
广东省,珠江流域,中山港码头,07-22 00:00,Ⅲ类,28.4,7.46,5.31,251.8,81.6,2.64,0.299,0.102,2.92,--,--
广东省,珠江流域,赤凤,07-22 00:00,Ⅲ类,29.6,7.24,6.31,110.6,25.4,1.58,0.003,0.140,1.68,--,--
广东省,珠江流域,龟山塔,07-22 00:00,Ⅲ类,29.5,6.94,6.26,76.8,9.5,1.52,0.081,0.101,1.36,--,--
广东省,珠江流域,古封,07-22 00:00,Ⅱ类,27.1,7.72,6.97,241.7,84.9,2.11,0.066,0.058,2.95,--,--
广西壮族自治区,珠江流域,老口,07-22 00:00,Ⅱ类,28.1,7.83,7.25,293.0,12.9,1.00,0.002,0.034,2.51,--,--
广西壮族自治区,珠江流域,叮当,07-22 00:00,Ⅲ类,28.6,7.59,6.78,307.3,30.0,1.79,0.144,0.115,4.66,--,--
广西壮族自治区,珠江流域,六景,07-22 00:00,Ⅱ类,28.4,7.81,6.24,306.8,33.2,1.90,--,0.050,2.72,--,--
广西壮族自治区,珠江流域,白马,07-22 00:00,Ⅲ类,27.2,7.62,5.98,296.8,60.8,2.00,--,0.037,1.83,--,--
广西壮族自治区,珠江流域,阳朔,07-22 00:00,Ⅲ类,24.8,7.57,6.72,205.2,127.1,4.04,0.002,0.149,2.21,--,--
广西壮族自治区,珠江流域,东边埇,07-22 00:00,Ⅴ类,26.2,6.68,7.89,60.5,307.9,5.42,0.201,0.393,1.78,--,--
广西壮族自治区,珠江流域,西门江,07-22 00:00,Ⅳ类,27.9,6.61,4.12,222.5,48.0,4.55,0.475,0.284,2.65,--,--
广西壮族自治区,珠江流域,三滩,07-22 00:00,Ⅱ类,26.1,6.44,7.83,43.3,20.9,2.27,0.111,0.064,1.22,--,--
广西壮族自治区,珠江流域,边贸码头,07-22 00:00,Ⅱ类,27.4,6.50,7.78,48.9,19.5,1.80,0.125,0.072,1.52,--,--
广西壮族自治区,珠江流域,高塘,07-22 00:00,Ⅳ类,27.3,6.14,7.06,54.6,285.3,5.47,0.152,0.281,2.36,--,--
广西壮族自治区,珠江流域,茅岭大桥,07-22 00:00,Ⅱ类,27.5,6.14,7.32,81.1,103.0,2.53,0.059,0.079,1.17,--,--
广西壮族自治区,珠江流域,高速公路西桥,07-22 00:00,Ⅳ类,29.1,6.56,3.36,562.7,88.3,6.75,1.054,0.288,3.24,--,--
广西壮族自治区,珠江流域,隘屯,07-22 00:00,Ⅱ类,24.9,8.10,8.93,371.8,21.3,0.79,0.017,0.036,1.95,--,--
广西壮族自治区,珠江流域,公篓,07-22 00:00,Ⅱ类,24.8,7.79,6.27,268.5,18.6,1.48,0.101,0.048,1.64,--,--
广西壮族自治区,珠江流域,贺街,07-22 00:00,Ⅲ类,25.9,8.11,7.88,133.9,101.6,2.31,0.180,0.131,1.45,--,--
广西壮族自治区,珠江流域,上金,07-22 00:00,Ⅳ类,30.1,6.71,4.82,137.8,46.8,2.16,--,0.030,2.76,--,--
广西壮族自治区,珠江流域,渠立,07-22 00:00,Ⅱ类,28.4,7.87,8.01,288.5,28.2,1.48,--,0.032,2.16,--,--
广西壮族自治区,珠江流域,棉江,07-22 00:00,Ⅱ类,28.8,7.37,6.42,246.2,24.2,1.35,0.009,0.032,2.41,--,--
海南省,珠江流域,龙塘,07-22 00:00,Ⅳ类,31.8,6.95,4.76,116.0,6.4,3.98,0.029,0.097,1.25,--,--
海南省,珠江流域,儒房,07-22 00:00,Ⅱ类,31.5,7.90,7.66,15464.9,6.1,2.67,0.109,0.061,1.08,--,--
海南省,珠江流域,后黎村,07-22 00:00,Ⅱ类,32.3,7.53,7.63,99.0,10.2,2.91,0.003,0.068,0.93,--,--
海南省,珠江流域,林家村,07-22 00:00,Ⅱ类,32.0,7.25,7.51,142.9,28.1,1.80,0.009,0.025,2.80,--,--
海南省,珠江流域,崖城大桥,07-22 00:00,Ⅱ类,29.7,6.78,7.56,106.8,39.3,2.08,0.006,0.034,2.24,--,--
海南省,珠江流域,藤桥河大桥,07-22 00:00,Ⅱ类,31.1,8.32,9.39,790.2,5.8,2.43,--,0.037,1.09,--,--
海南省,珠江流域,松涛水库南丰库心,07-22 00:00,Ⅱ类,31.6,7.34,6.69,78.3,0.7,0.76,--,0.005,0.20,0.013,806283
海南省,珠江流域,上村桥,07-22 00:00,Ⅳ类,31.5,7.43,4.68,248.8,21.5,4.05,0.002,0.069,1.16,--,--
海南省,珠江流域,汀洲,07-22 00:00,Ⅱ类,30.7,6.60,6.29,77.2,10.8,1.82,0.009,0.046,0.66,--,--
海南省,珠江流域,龙江,07-22 00:00,Ⅱ类,29.6,6.85,7.01,71.5,13.1,2.54,0.009,0.040,0.67,--,--
海南省,珠江流域,溪仔村,07-22 00:00,Ⅱ类,30.3,7.49,7.45,124.8,3.9,2.26,0.008,0.033,0.56,--,--
海南省,珠江流域,羊头外村桥,07-22 00:00,Ⅳ类,32.8,7.20,6.41,169.8,23.7,7.19,0.091,0.094,1.52,--,--
海南省,珠江流域,农垦橡胶所一队,07-22 00:00,Ⅱ类,30.5,7.00,7.05,73.8,8.3,1.52,0.003,0.023,1.27,--,--
海南省,珠江流域,水涯新区,07-22 00:00,Ⅲ类,31.8,6.77,5.68,161.3,13.2,2.77,0.114,0.055,0.97,--,--
海南省,珠江流域,分洪桥,07-22 00:00,Ⅲ类,31.9,7.76,16.90,87.9,24.9,5.47,--,0.046,0.52,--,--
海南省,珠江流域,后山村,07-22 00:00,Ⅳ类,32.5,6.70,3.21,166.4,25.7,4.71,0.605,0.166,2.54,--,--
海南省,珠江流域,大广坝水库出口,07-22 00:00,Ⅳ类,28.4,7.28,4.41,90.1,16.6,2.29,--,0.023,1.07,0.008,6563690
海南省,珠江流域,罗带铁路桥,07-22 00:00,劣Ⅵ类,31.0,9.10,20.52,9249.1,22.7,9.59,0.006,0.309,1.22,--,--
海南省,珠江流域,山口,07-22 00:00,Ⅱ类,32.4,7.34,7.59,108.3,15.4,2.74,0.010,0.025,0.52,--,--
海南省,珠江流域,白仞滩电站,07-22 00:00,Ⅲ类,31.7,7.35,5.01,171.9,8.1,3.95,0.086,0.112,1.94,--,--
海南省,珠江流域,大风,07-22 00:00,Ⅱ类,29.8,7.08,6.66,105.0,18.7,2.33,0.001,0.035,1.05,--,--
海南省,珠江流域,叉河口,07-22 00:00,Ⅳ类,30.6,7.67,7.21,115.7,21.1,2.62,0.006,0.244,2.96,--,--
海南省,珠江流域,乐中,07-22 00:00,Ⅱ类,29.9,7.66,7.93,97.7,20.4,1.60,0.002,0.025,0.61,--,--
海南省,珠江流域,跨界桥,07-22 00:00,Ⅱ类,29.7,7.38,7.93,109.6,17.6,2.86,--,0.053,1.06,--,--
海南省,珠江流域,群英大坝,07-22 00:00,Ⅱ类,29.7,7.27,7.89,86.5,6.3,1.90,0.005,0.036,0.87,--,--
海南省,珠江流域,大溪村,07-22 00:00,Ⅱ类,30.7,7.18,7.42,253.4,11.4,3.27,0.204,0.089,0.90,--,--
重庆市,长江流域,晒网坝,07-22 00:00,Ⅱ类,26.4,7.95,6.90,367.0,41.1,1.40,--,0.052,2.04,--,--
重庆市,长江流域,向家,07-22 00:00,Ⅲ类,25.6,7.50,8.13,192.8,46.1,4.20,--,0.088,1.93,--,--
重庆市,长江流域,磨刀溪长滩,07-22 00:00,Ⅱ类,26.3,8.48,11.28,184.5,27.5,3.93,0.067,0.060,1.33,--,--
重庆市,长江流域,清溪场,07-22 00:00,Ⅲ类,26.0,7.86,7.06,380.7,210.0,3.28,--,0.128,2.37,--,--
重庆市,长江流域,木瓜洞,07-22 00:00,Ⅲ类,32.3,8.14,7.96,373.6,18.5,4.50,0.003,0.047,0.86,--,--
重庆市,长江流域,寸滩,07-22 00:00,Ⅲ类,26.2,7.87,7.26,387.5,145.4,1.71,0.017,0.116,3.38,--,--
重庆市,长江流域,和尚山,07-22 00:00,Ⅱ类,26.2,7.88,6.91,374.2,128.4,3.13,0.152,0.069,4.77,--,--
重庆市,长江流域,北温泉,07-22 00:00,Ⅱ类,31.1,7.81,7.22,802.0,5.5,1.33,0.022,0.020,1.51,--,--
重庆市,长江流域,寨溪大桥,07-22 00:00,Ⅱ类,30.2,8.10,8.59,927.6,19.2,2.19,--,0.034,2.27,--,--
重庆市,长江流域,石门坎,07-22 00:00,Ⅰ类,26.5,8.15,7.98,439.6,12.2,0.72,--,0.015,2.08,--,--
重庆市,长江流域,玉滩水库,07-22 00:00,Ⅲ类,30.1,7.91,7.64,371.8,14.3,4.64,0.033,0.011,0.94,0.042,7219049
重庆市,长江流域,御临镇,07-22 00:00,Ⅲ类,31.8,7.99,9.59,294.4,12.9,4.67,0.038,0.040,1.39,--,--
重庆市,长江流域,黎家乡崔家岩村,07-22 00:00,Ⅲ类,32.2,8.93,--,216.1,9.1,4.01,--,0.034,0.70,--,--
重庆市,长江流域,运输桥,07-22 00:00,Ⅳ类,26.2,7.60,4.94,376.4,7.5,--,0.018,0.095,2.42,--,--
重庆市,长江流域,支坪街道,07-22 00:00,Ⅱ类,31.2,8.39,11.31,467.7,27.4,2.10,--,0.017,1.66,--,--
重庆市,长江流域,江津大桥,07-22 00:00,Ⅲ类,25.3,8.06,7.12,401.1,121.3,1.72,--,0.122,2.08,--,--
重庆市,长江流域,朱杨溪,07-22 00:00,Ⅲ类,33.2,7.80,5.91,615.9,26.9,4.35,--,0.134,3.40,--,--
重庆市,长江流域,北渡,07-22 00:00,Ⅱ类,29.3,8.13,7.83,543.5,16.1,0.92,0.026,0.025,1.80,--,--
重庆市,长江流域,白杨溪,07-22 00:00,Ⅱ类,32.0,8.27,8.54,124.2,21.5,3.16,--,0.033,0.88,--,--
重庆市,长江流域,太和,07-22 00:00,Ⅱ类,33.2,8.40,10.81,388.9,13.3,2.10,--,0.025,0.89,--,--
重庆市,长江流域,官渡,07-22 00:00,Ⅱ类,32.9,8.37,--,310.6,19.6,3.76,0.007,0.050,0.95,--,--
重庆市,长江流域,临渡,07-22 00:00,Ⅲ类,33.4,7.49,5.08,457.2,26.2,4.11,0.001,0.093,1.68,--,--
重庆市,长江流域,渠江码头,07-22 00:00,Ⅱ类,32.2,7.90,10.97,293.9,15.3,3.85,--,0.036,1.19,--,--
重庆市,长江流域,黄桷,07-22 00:00,Ⅱ类,29.9,7.89,6.25,642.2,4.3,2.08,0.007,0.033,0.65,--,--
重庆市,长江流域,四明水厂,07-22 00:00,Ⅳ类,32.3,8.27,9.22,337.6,62.5,8.36,--,0.112,1.27,--,--
重庆市,长江流域,金狮桥,07-22 00:00,Ⅰ类,19.4,8.28,8.57,231.1,14.3,0.96,0.022,0.009,0.88,--,--
重庆市,长江流域,璧南河两河口,07-22 00:00,Ⅳ类,33.1,8.36,13.36,597.6,19.0,6.99,--,0.077,1.22,--,--
重庆市,长江流域,中和,07-22 00:00,Ⅲ类,31.7,7.36,10.88,512.4,19.8,5.03,0.162,0.043,1.43,--,--
重庆市,长江流域,玉溪,07-22 00:00,Ⅱ类,28.3,7.84,8.40,417.2,12.1,1.94,0.004,0.047,1.24,--,--
重庆市,长江流域,高洞电站,07-22 00:00,Ⅳ类,33.7,8.27,--,507.9,15.3,6.10,--,0.036,2.20,--,--
重庆市,长江流域,巫山乡,07-22 00:00,Ⅱ类,30.2,8.06,6.48,239.0,11.5,3.98,--,0.056,0.86,--,--
重庆市,长江流域,鸭江镇,07-22 00:00,Ⅱ类,26.5,8.11,8.05,468.8,6.3,1.54,--,0.036,1.64,--,--
重庆市,长江流域,江口镇,07-22 00:00,Ⅰ类,23.6,8.18,8.37,312.9,8.7,0.42,--,0.014,1.80,--,--
重庆市,长江流域,白马,07-22 00:00,Ⅱ类,23.0,7.80,8.25,358.8,22.3,1.17,0.007,0.042,2.78,--,--
重庆市,长江流域,土堡寨,07-22 00:00,Ⅰ类,20.6,8.26,8.87,421.3,6.2,0.55,0.025,0.010,1.01,--,--
重庆市,长江流域,水寨子,07-22 00:00,Ⅰ类,23.5,8.28,8.34,249.1,7.5,1.02,--,0.016,0.40,--,--
重庆市,长江流域,湖海场,07-22 00:00,Ⅲ类,28.0,7.63,6.81,261.3,72.3,4.89,--,0.128,2.11,--,--
重庆市,长江流域,卫星桥,07-22 00:00,Ⅲ类,30.7,7.99,7.67,295.8,50.6,5.91,--,0.110,2.09,--,--
重庆市,长江流域,高洞梁,07-22 00:00,Ⅱ类,32.1,7.98,6.24,381.7,55.6,3.57,--,0.088,2.00,--,--
重庆市,长江流域,苏家,07-22 00:00,Ⅱ类,25.3,7.89,7.27,381.2,70.6,1.42,--,0.051,2.10,--,--
重庆市,长江流域,清水湖渡口,07-22 00:00,劣Ⅵ类,27.0,9.06,15.34,185.3,3.4,1.68,0.013,0.025,0.84,--,--
重庆市,长江流域,小江河口,07-22 00:00,Ⅱ类,27.5,7.96,6.79,382.5,20.4,1.85,0.020,0.056,1.75,--,--
重庆市,长江流域,汤溪河江口,07-22 00:00,Ⅰ类,24.7,7.98,9.24,285.3,11.6,0.72,0.003,0.009,0.70,--,--
重庆市,长江流域,罗汉大桥,07-22 00:00,Ⅱ类,28.2,7.71,11.41,282.2,9.4,1.25,0.039,0.035,1.46,--,--
重庆市,长江流域,白帝城,07-22 00:00,Ⅱ类,25.6,7.94,6.97,337.7,34.1,1.17,--,0.045,1.54,--,--
重庆市,长江流域,培石,07-22 00:00,Ⅱ类,26.0,7.96,7.60,401.2,17.9,0.72,0.147,0.041,1.59,--,--
重庆市,长江流域,花台,07-22 00:00,Ⅰ类,26.0,8.16,7.50,478.2,15.3,0.49,0.004,0.015,1.35,--,--
重庆市,长江流域,化杠,07-22 00:00,Ⅱ类,21.3,7.74,8.03,105.2,13.2,2.69,0.028,0.062,1.40,--,--
重庆市,长江流域,小河,07-22 00:00,Ⅱ类,19.2,7.72,7.40,275.0,10.6,1.08,0.001,0.020,0.98,--,--
重庆市,长江流域,万木,07-22 00:00,Ⅱ类,23.7,7.69,6.50,390.4,11.8,0.92,0.015,0.038,2.98,--,--
重庆市,长江流域,红花村,07-22 00:00,Ⅰ类,23.1,7.96,8.44,236.0,20.9,0.92,0.014,0.018,1.52,--,--
重庆市,长江流域,南洞沟,07-22 00:00,Ⅱ类,24.7,8.12,7.75,285.4,11.5,0.83,0.001,0.046,1.72,--,--
重庆市,长江流域,郁江桥,07-22 00:00,Ⅱ类,27.1,8.16,8.46,273.5,22.9,1.00,--,0.036,1.37,--,--
四川省,长江流域,二江寺,07-22 00:00,Ⅱ类,24.9,7.70,7.04,373.4,94.0,2.27,0.106,0.083,1.67,--,--
四川省,长江流域,三邑大桥,07-22 00:00,Ⅱ类,23.8,7.74,7.39,253.7,107.9,1.52,0.052,0.047,2.23,--,--
四川省,长江流域,李家湾,07-22 00:00,Ⅲ类,30.7,7.68,7.40,328.5,23.5,1.81,0.018,0.117,1.47,--,--
四川省,长江流域,廖家堰,07-22 00:00,Ⅳ类,32.4,7.37,3.70,1156.1,14.9,5.19,0.043,0.128,1.03,--,--
四川省,长江流域,脚仙村,07-22 00:00,Ⅲ类,31.0,7.69,6.84,404.4,24.9,1.97,0.033,0.123,2.73,--,--
四川省,长江流域,湾凼,07-22 00:00,Ⅴ类,30.1,7.29,2.51,296.7,20.5,5.65,0.023,0.065,0.69,--,--
四川省,长江流域,手爬岩,07-22 00:00,Ⅱ类,24.7,7.91,7.29,408.4,135.7,2.00,--,0.089,1.61,--,--
四川省,长江流域,沱江大桥,07-22 00:00,Ⅲ类,33.4,7.91,6.57,454.8,13.9,2.05,--,0.126,1.65,--,--
四川省,长江流域,醒觉溪,07-22 00:00,Ⅱ类,28.2,8.31,8.06,418.3,2.3,1.33,0.015,0.024,4.00,--,--
四川省,长江流域,胡市大桥,07-22 00:00,Ⅲ类,33.2,7.88,8.86,457.0,10.8,4.89,0.082,0.097,1.77,--,--
四川省,长江流域,泸天化大桥,07-22 00:00,Ⅱ类,30.7,7.73,6.23,374.5,10.2,1.57,0.016,0.034,2.64,--,--
四川省,长江流域,纳溪大渡口,07-22 00:00,Ⅲ类,24.0,7.82,7.07,375.2,115.6,1.68,--,0.109,2.09,--,--
四川省,长江流域,两汇水,07-22 00:00,Ⅰ类,29.9,8.18,8.24,146.2,102.0,1.25,0.011,0.013,1.00,--,--
四川省,长江流域,太平渡,07-22 00:00,Ⅱ类,30.5,8.28,6.83,494.0,13.8,1.27,0.005,0.034,3.40,--,--
四川省,长江流域,象山,07-22 00:00,Ⅲ类,32.5,7.71,7.08,474.2,4.1,4.59,0.012,0.139,0.56,--,--
四川省,长江流域,双江桥,07-22 00:00,Ⅲ类,27.6,8.05,6.50,552.0,97.3,1.88,--,0.166,2.12,--,--
四川省,长江流域,三川,07-22 00:00,Ⅲ类,26.7,8.07,6.58,558.2,81.4,1.30,--,0.145,2.33,--,--
四川省,长江流域,西平镇,07-22 00:00,Ⅱ类,29.8,8.36,12.65,543.0,21.0,2.22,--,0.051,1.78,--,--
四川省,长江流域,姚渡,07-22 00:00,Ⅰ类,22.8,8.18,7.76,364.6,33.5,1.79,0.006,0.004,1.65,--,--
四川省,长江流域,清泉乡,07-22 00:00,Ⅱ类,31.6,8.33,8.97,336.5,6.6,2.25,0.003,0.012,0.61,--,--
四川省,长江流域,大安,07-22 00:00,Ⅲ类,32.4,8.50,15.38,417.5,14.4,5.82,--,0.080,0.99,--,--
四川省,长江流域,百顷,07-22 00:00,Ⅲ类,25.0,7.71,7.35,281.3,118.0,2.46,0.237,0.105,1.95,--,--
四川省,长江流域,梓江大桥,07-22 00:00,Ⅱ类,29.4,8.21,8.34,390.2,14.7,3.24,--,0.033,0.65,--,--
四川省,长江流域,大埂,07-22 00:00,Ⅱ类,34.2,8.03,6.89,426.6,17.0,3.28,0.210,0.066,0.43,--,--
四川省,长江流域,球溪河口,07-22 00:00,Ⅲ类,32.6,7.78,6.06,567.0,9.9,4.73,0.053,0.135,1.79,--,--
四川省,长江流域,金溪电站,07-22 00:00,Ⅰ类,30.1,8.16,8.20,413.7,9.4,1.71,0.016,0.013,1.15,--,--
四川省,长江流域,升钟水库铁炉寺,07-22 00:00,Ⅱ类,32.1,8.53,10.97,387.9,2.7,2.94,--,0.009,0.42,--,--
四川省,长江流域,龟都府,07-22 00:00,Ⅱ类,21.2,8.03,8.29,215.4,64.5,1.04,0.001,0.060,1.50,--,--
四川省,长江流域,越溪河两河口,07-22 00:00,Ⅲ类,32.2,8.00,5.78,605.5,9.3,4.36,--,0.078,0.66,--,--
四川省,长江流域,月波,07-22 00:00,Ⅱ类,22.0,7.35,7.55,244.1,112.1,2.45,0.282,0.084,2.58,--,--
四川省,长江流域,凉姜沟,07-22 00:00,Ⅱ类,23.5,7.94,7.87,234.8,151.0,2.93,0.015,0.087,0.45,--,--
四川省,长江流域,三块石,07-22 00:00,Ⅰ类,23.1,8.12,7.85,488.9,7.5,0.76,0.020,0.013,0.78,--,--
四川省,长江流域,洛亥,07-22 00:00,Ⅱ类,22.3,8.12,7.93,323.6,21.6,1.19,0.068,0.091,2.86,--,--
四川省,长江流域,幺滩,07-22 00:00,Ⅱ类,33.3,8.45,8.11,481.6,25.9,2.41,--,0.059,0.95,--,--
四川省,长江流域,团堡岭,07-22 00:00,Ⅱ类,33.1,8.65,13.12,283.4,9.0,3.42,--,0.024,0.75,--,--
四川省,长江流域,大蹬沟,07-22 00:00,Ⅱ类,31.6,8.44,12.21,294.9,13.4,2.89,0.013,0.026,1.05,--,--
四川省,长江流域,白兔乡,07-22 00:00,Ⅲ类,34.5,8.39,26.83,313.7,16.9,4.74,--,0.029,0.36,--,--
四川省,长江流域,联盟桥,07-22 00:00,Ⅲ类,33.5,8.16,8.81,349.2,10.8,4.25,--,0.093,0.86,--,--
四川省,长江流域,舵石盘,07-22 00:00,Ⅱ类,30.7,8.24,12.84,328.9,2.6,3.32,0.047,0.053,1.23,--,--
四川省,长江流域,车家河,07-22 00:00,Ⅱ类,33.0,8.36,27.59,283.0,10.4,1.94,--,0.035,0.61,--,--
四川省,长江流域,手傍岩,07-22 00:00,Ⅱ类,32.3,8.23,14.07,399.5,11.8,2.64,--,0.026,1.38,--,--
四川省,长江流域,幸福村,07-22 00:00,Ⅲ类,28.1,7.64,7.24,303.8,59.5,2.78,0.105,0.123,2.50,--,--
四川省,长江流域,拱城铺渡口,07-22 00:00,Ⅲ类,28.5,7.72,7.02,307.7,51.5,2.31,0.012,0.112,2.39,--,--
四川省,长江流域,竹巴龙村,07-22 00:00,劣Ⅵ类,15.4,8.18,7.00,1030.3,1168.2,7.18,1.199,0.430,3.45,--,--
四川省,长江流域,昔街大桥,07-22 00:00,Ⅱ类,24.8,7.79,7.00,284.8,90.9,1.48,0.103,0.086,2.56,--,--
贵州省,长江流域,棉花渡,07-22 00:00,Ⅱ类,23.1,6.97,9.06,428.1,1.2,1.25,0.009,0.040,1.91,--,--
贵州省,长江流域,贵铝泵房,07-22 00:00,Ⅱ类,28.0,--,13.20,322.5,9.6,2.67,0.078,0.018,2.35,0.020,1844442
贵州省,长江流域,花鱼洞,07-22 00:00,劣Ⅵ类,23.2,7.35,1.58,367.7,2.6,2.20,0.002,0.018,2.50,0.006,1520632
贵州省,长江流域,麦穰,07-22 00:00,Ⅲ类,24.6,7.93,5.68,618.1,5.9,2.13,0.056,0.175,4.85,--,--
贵州省,珠江流域,青岩,07-22 00:00,Ⅳ类,25.3,7.94,4.87,516.7,4.7,1.21,--,0.046,3.44,--,--
贵州省,长江流域,龙场,07-22 00:00,Ⅱ类,20.8,7.90,7.36,401.1,5.8,0.88,--,0.015,4.58,--,--
贵州省,珠江流域,发耳,07-22 00:00,Ⅲ类,22.5,8.04,7.20,320.8,131.4,1.84,--,0.171,3.65,--,--
贵州省,长江流域,打秋坪,07-22 00:00,Ⅱ类,25.4,7.76,6.77,466.5,3.9,1.16,0.138,0.076,3.41,--,--
贵州省,长江流域,鱼塘大桥,07-22 00:00,Ⅰ类,23.3,8.05,8.37,311.9,2.4,0.69,--,0.008,1.72,--,--
贵州省,长江流域,沿江渡,07-22 00:00,Ⅲ类,30.9,8.99,10.10,279.9,7.7,4.38,0.014,0.036,1.80,--,--
贵州省,长江流域,鲤鱼塘,07-22 00:00,Ⅱ类,26.5,7.78,6.44,467.9,3.4,1.34,--,0.044,3.78,--,--
贵州省,长江流域,坡渡,07-22 00:00,Ⅲ类,25.0,8.02,5.95,312.5,10.0,0.61,0.014,0.007,0.72,--,--
贵州省,长江流域,余庆河暗溪坪,07-22 00:00,Ⅱ类,24.7,7.80,10.04,311.6,6.0,0.84,0.006,0.044,1.76,--,--
贵州省,长江流域,羊柱头渡口,07-22 00:00,Ⅲ类,26.8,7.71,5.05,729.9,6.2,2.32,0.234,0.169,6.30,--,--
贵州省,长江流域,茅台,07-22 00:00,Ⅱ类,26.2,8.33,7.68,408.9,19.7,0.59,--,0.033,4.54,--,--
贵州省,珠江流域,黄果树,07-22 00:00,Ⅰ类,24.9,8.19,8.08,578.1,26.0,0.98,--,0.012,3.94,--,--
贵州省,长江流域,斯拉河大桥,07-22 00:00,Ⅱ类,24.6,8.28,8.43,408.9,14.5,1.37,--,0.024,5.56,--,--
贵州省,珠江流域,打邦,07-22 00:00,Ⅱ类,30.7,8.13,15.16,343.8,16.3,1.46,0.033,0.023,3.05,--,--
贵州省,长江流域,小屯,07-22 00:00,Ⅲ类,27.5,8.98,19.24,347.7,9.8,4.60,--,0.053,4.90,--,--
贵州省,长江流域,下干溪,07-22 00:00,Ⅱ类,24.4,7.86,7.33,280.8,27.5,1.20,0.135,0.039,2.55,--,--
贵州省,珠江流域,坝草,07-22 00:00,Ⅰ类,28.4,8.35,11.50,348.0,9.9,1.46,0.005,0.010,3.29,--,--
贵州省,珠江流域,岔河口,07-22 00:00,Ⅱ类,25.9,8.29,11.28,312.4,7.9,2.72,--,0.021,3.18,--,--
贵州省,珠江流域,蔗香北,07-22 00:00,Ⅰ类,28.3,8.11,11.62,280.9,7.6,1.53,--,0.012,1.98,--,--
贵州省,珠江流域,黄泥河,07-22 00:00,Ⅱ类,20.0,8.18,7.86,394.2,18.0,0.63,--,0.023,3.68,--,--
贵州省,珠江流域,赵家渡,07-22 00:00,Ⅱ类,22.0,7.99,8.05,401.8,13.4,0.65,0.025,0.024,4.88,--,--
贵州省,珠江流域,坡脚,07-22 00:00,Ⅱ类,23.8,7.87,6.77,405.4,12.2,1.12,0.006,0.018,3.88,--,--
贵州省,珠江流域,蔗香南,07-22 00:00,Ⅰ类,29.8,8.42,9.96,298.6,7.9,1.73,--,0.008,1.89,--,--
贵州省,长江流域,金紫,07-22 00:00,Ⅱ类,28.3,8.70,9.79,141.5,2.8,1.34,0.026,0.024,1.14,--,--
贵州省,长江流域,平敏大桥,07-22 00:00,Ⅱ类,24.9,7.30,7.29,109.2,14.5,1.48,--,0.024,0.84,--,--
贵州省,长江流域,旁海,07-22 00:00,Ⅱ类,26.6,8.39,7.85,434.4,4.5,1.00,--,0.033,1.77,--,--
贵州省,珠江流域,榕江,07-22 00:00,Ⅱ类,25.1,7.50,8.12,109.9,101.2,1.36,--,0.047,1.22,--,--
贵州省,长江流域,甘溪高碑,07-22 00:00,Ⅱ类,27.2,8.58,13.98,292.3,15.7,0.93,--,0.025,0.92,--,--
贵州省,长江流域,跳鱼洞,07-22 00:00,Ⅲ类,24.4,7.94,5.77,372.6,11.0,2.53,0.186,0.095,2.39,--,--
贵州省,长江流域,凤山桥边,07-22 00:00,Ⅱ类,25.2,8.39,8.07,480.8,2.4,1.09,0.052,0.074,2.79,--,--
贵州省,珠江流域,边外河,07-22 00:00,Ⅰ类,23.3,8.05,8.71,318.0,3.8,1.27,0.003,0.011,2.18,--,--
贵州省,珠江流域,甲茶,07-22 00:00,Ⅰ类,23.5,7.98,8.08,314.4,7.6,0.73,0.018,0.011,1.18,--,--
云南省,长江流域,通仙桥,07-22 00:00,Ⅴ类,21.9,7.95,5.33,547.1,136.6,2.02,0.066,0.391,6.78,--,--
云南省,长江流域,普渡河桥,07-22 00:00,Ⅳ类,24.2,8.11,7.17,495.3,87.7,4.64,0.074,0.204,3.20,--,--
云南省,珠江流域,禄丰村,07-22 00:00,Ⅲ类,24.4,8.16,7.20,474.8,110.0,3.65,--,0.190,5.84,--,--
云南省,滇池流域,回龙村,07-22 00:00,Ⅳ类,23.0,7.65,4.11,509.8,23.8,4.65,0.878,0.211,4.42,--,--
云南省,滇池流域,船房五社桥头,07-22 00:00,Ⅲ类,23.9,7.20,5.87,550.8,6.1,3.46,0.225,0.092,3.56,--,--
云南省,滇池流域,王大桥,07-22 00:00,Ⅲ类,21.6,7.08,5.31,589.4,11.4,3.29,0.039,0.195,6.90,--,--
云南省,滇池流域,大观河入湖口,07-22 00:00,Ⅳ类,22.4,7.55,3.75,438.1,24.9,2.09,0.392,0.202,6.38,--,--
云南省,滇池流域,大渔乡土罗村入湖口,07-22 00:00,Ⅳ类,23.4,7.42,3.62,389.0,47.2,4.49,0.079,0.205,6.91,--,--
云南省,滇池流域,新河村入湖口,07-22 00:00,Ⅴ类,21.3,7.50,2.78,424.8,30.3,2.85,1.009,0.235,5.76,--,--
云南省,珠江流域,阳宗海中,07-22 00:00,Ⅲ类,26.6,--,8.62,425.3,2.1,4.62,0.042,0.014,0.60,0.005,911030
云南省,长江流域,富民大桥,07-22 00:00,Ⅴ类,25.9,8.01,4.79,464.2,73.2,7.44,0.064,0.304,2.55,--,--
云南省,滇池流域,严家村桥,07-22 00:00,劣Ⅵ类,22.7,7.39,1.94,458.8,35.8,2.38,1.072,0.197,6.40,--,--
云南省,滇池流域,宝丰村入湖口,07-22 00:00,Ⅲ类,20.9,8.02,5.41,562.3,46.1,3.86,0.462,0.176,4.05,--,--
云南省,滇池流域,江尾下闸,07-22 00:00,Ⅳ类,22.6,7.60,4.13,404.3,50.4,3.47,0.348,0.134,3.27,--,--
云南省,滇池流域,茨巷河入湖口,07-22 00:00,Ⅳ类,24.2,7.50,4.83,433.4,21.8,3.68,0.037,0.087,5.66,--,--
云南省,滇池流域,东大河滇池入湖口,07-22 00:00,劣Ⅵ类,21.1,7.29,3.39,363.6,99.9,6.45,0.993,0.466,7.46,--,--
云南省,滇池流域,草海中心,07-22 00:00,Ⅳ类,25.6,8.78,10.48,342.0,56.6,5.37,--,0.054,2.79,0.019,74158060
云南省,滇池流域,灰湾中,07-22 00:00,Ⅴ类,24.3,--,8.50,390.3,79.8,11.19,0.050,0.084,1.39,0.014,65705450
云南省,滇池流域,观音山中,07-22 00:00,Ⅳ类,23.7,--,6.53,335.0,22.8,6.99,0.007,0.059,1.32,0.007,162140000
云南省,滇池流域,观音山西,07-22 00:00,Ⅳ类,25.3,--,9.09,400.9,50.9,6.86,0.005,0.070,0.77,0.008,103277600
云南省,滇池流域,海口西,07-22 00:00,Ⅳ类,25.9,--,11.00,396.3,17.7,6.06,--,0.041,0.52,0.010,99628400
云南省,滇池流域,滇池南,07-22 00:00,Ⅳ类,23.5,--,7.94,430.8,30.0,6.43,--,0.040,0.66,0.035,11016970
云南省,滇池流域,晋城小寨,07-22 00:00,Ⅳ类,20.8,7.95,5.96,571.8,148.5,4.67,0.296,0.228,12.34,--,--
云南省,长江流域,牛栏江河口,07-22 00:00,Ⅲ类,23.0,7.93,5.41,519.3,24.9,2.75,0.062,0.139,7.50,--,--
云南省,珠江流域,狗街,07-22 00:00,Ⅲ类,24.7,7.90,6.41,487.3,59.1,3.42,0.036,0.134,7.33,--,--
云南省,珠江流域,花山水库出水口,07-22 00:00,Ⅰ类,25.2,8.53,8.42,338.3,1.6,1.30,--,0.007,2.25,--,--
云南省,长江流域,以礼河水文站,07-22 00:00,Ⅲ类,18.8,7.72,5.16,329.8,28.2,2.01,0.053,0.064,3.82,--,--
云南省,珠江流域,厂房大桥,07-22 00:00,劣Ⅵ类,25.9,9.51,19.02,289.9,13.6,3.80,0.015,0.124,3.63,--,--
云南省,长江流域,牛栏江大桥,07-22 00:00,Ⅱ类,21.4,7.94,6.85,404.2,48.8,1.96,0.064,0.079,5.02,--,--
云南省,珠江流域,杞麓湖心,07-22 00:00,Ⅲ类,25.0,--,7.39,706.8,8.7,6.00,0.017,0.016,1.26,0.040,7438282
云南省,西南诸河,红旗桥,07-22 00:00,Ⅰ类,20.8,8.14,8.99,292.2,888.9,1.22,0.0001,0.008,0.45,--,--
云南省,长江流域,云贵桥,07-22 00:00,Ⅱ类,17.7,8.22,8.74,398.1,15.6,0.36,0.026,0.033,4.09,--,--
云南省,长江流域,江底桥,07-22 00:00,Ⅱ类,21.8,8.26,6.64,367.9,12.5,1.03,--,0.037,3.68,--,--
云南省,长江流域,头屯河,07-22 00:00,Ⅱ类,18.8,8.12,7.49,394.5,13.1,0.62,--,0.030,4.82,--,--
云南省,长江流域,邓家河,07-22 00:00,Ⅲ类,22.8,7.94,7.81,325.9,31.9,--,--,0.141,3.38,--,--
云南省,长江流域,横江桥,07-22 00:00,Ⅱ类,25.0,8.07,7.67,301.2,27.9,0.42,--,0.037,2.75,--,--
云南省,西南诸河,土卡河水文站,07-22 00:00,Ⅱ类,26.6,7.85,6.62,223.5,36.5,1.09,--,0.025,0.93,--,--
云南省,西南诸河,那发出境,07-22 00:00,Ⅲ类,25.2,7.94,7.85,136.3,228.2,0.99,--,0.105,1.00,--,--
云南省,西南诸河,中越桥,07-22 00:00,Ⅲ类,25.9,8.13,7.80,309.0,286.3,2.06,--,0.126,3.44,--,--
云南省,西南诸河,蚂蟥堡桥,07-22 00:00,Ⅲ类,25.5,8.02,8.90,284.1,304.2,1.15,--,0.101,2.97,--,--
云南省,西南诸河,龙脖渡口,07-22 00:00,Ⅱ类,28.3,7.79,6.91,266.6,84.3,2.59,--,0.063,--,--,--
云南省,西南诸河,河口县医院,07-22 00:00,Ⅱ类,28.4,7.49,6.41,274.5,106.3,2.11,--,0.050,1.81,--,--
云南省,西南诸河,小河底河,07-22 00:00,Ⅲ类,26.6,8.12,8.02,457.9,300.5,3.22,--,0.140,2.27,--,--
云南省,珠江流域,异龙湖中,07-22 00:00,Ⅳ类,26.4,8.67,7.49,446.8,3.2,9.67,--,0.013,0.44,0.033,309849
云南省,珠江流域,长虹桥,07-22 00:00,Ⅳ类,24.1,8.09,7.68,496.3,322.2,4.22,--,0.209,6.44,--,--
云南省,西南诸河,天保农场,07-22 00:00,Ⅰ类,24.3,8.53,8.18,--,0.8,--,--,--,--,--,--
云南省,西南诸河,南利大桥,07-22 00:00,-1,--,--,--,--,--,--,--,--,--,--,--
云南省,珠江流域,谷拉河大桥,07-22 00:00,Ⅰ类,31.2,8.65,14.71,196.1,3.0,1.40,0.014,0.011,0.37,--,--
云南省,西南诸河,洱海湖心,07-22 00:00,Ⅱ类,24.4,8.53,6.23,299.8,7.2,3.92,0.001,0.020,0.47,0.012,104813000
陕西省,黄河流域,灞河口,07-22 00:00,Ⅱ类,29.8,8.53,8.62,284.2,67.0,3.98,--,0.049,3.21,--,--
陕西省,黄河流域,三郎村,07-22 00:00,Ⅲ类,30.0,7.71,7.93,323.9,159.8,5.97,0.112,0.200,5.04,--,--
陕西省,黄河流域,岔口,07-22 00:00,Ⅲ类,25.0,7.74,7.67,932.3,65.7,4.05,0.261,0.108,6.89,--,--
陕西省,长江流域,黄牛铺,07-22 00:00,Ⅳ类,25.4,8.05,4.99,231.7,5.5,1.72,0.003,0.014,0.44,--,--
陕西省,黄河流域,魏家堡,07-22 00:00,Ⅲ类,28.9,8.10,6.88,946.5,144.7,3.94,0.033,0.118,7.87,--,--
陕西省,黄河流域,卧龙寺桥,07-22 00:00,Ⅱ类,28.0,8.03,6.84,835.5,1607.3,2.89,0.047,0.089,5.37,--,--
陕西省,长江流域,灶火庵,07-22 00:00,Ⅲ类,24.5,8.10,5.94,374.1,23.7,1.37,--,0.025,1.50,--,--
陕西省,黄河流域,咸阳铁桥,07-22 00:00,Ⅱ类,29.4,8.00,6.10,845.3,9.8,2.52,0.017,0.020,6.32,--,--
陕西省,黄河流域,兴平,07-22 00:00,Ⅲ类,28.8,8.13,5.83,871.0,18.9,3.35,--,0.030,7.17,--,--
陕西省,黄河流域,泾河桥,07-22 00:00,Ⅱ类,29.3,8.37,6.09,1475.9,12.6,2.29,0.149,0.020,3.64,--,--
陕西省,黄河流域,黑河张家桥,07-22 00:00,Ⅲ类,25.9,8.30,5.38,781.6,70.4,3.18,0.045,0.070,0.97,--,--
陕西省,黄河流域,杨家畔村,07-22 00:00,Ⅴ类,25.3,8.38,7.47,795.3,2776.0,4.94,--,0.339,3.14,--,--
陕西省,黄河流域,昝家山,07-22 00:00,Ⅲ类,26.5,8.40,7.29,586.0,138.2,3.50,--,0.114,3.48,--,--
陕西省,黄河流域,寺滩,07-22 00:00,Ⅱ类,25.9,8.70,7.34,779.1,159.2,2.76,0.008,0.086,5.62,--,--
陕西省,黄河流域,朱家沟,07-22 00:00,Ⅳ类,24.6,8.18,5.79,877.1,--,4.31,0.403,0.265,5.36,--,--
陕西省,长江流域,烈金坝,07-22 00:00,Ⅱ类,24.0,8.03,7.46,330.9,3.6,0.63,--,0.028,0.99,--,--
陕西省,长江流域,南柳渡,07-22 00:00,Ⅱ类,30.4,8.17,8.70,296.6,9.8,3.33,--,0.048,1.06,--,--
陕西省,长江流域,白水江,07-22 00:00,Ⅱ类,28.4,8.06,6.16,320.2,28.1,1.05,--,0.020,0.83,--,--
陕西省,黄河流域,柏树坪,07-22 00:00,Ⅱ类,26.7,8.26,7.95,1038.6,74.7,2.20,0.013,0.040,2.42,--,--
陕西省,黄河流域,温家川,07-22 00:00,Ⅲ类,24.3,8.38,6.83,1360.3,216.5,4.53,0.005,0.079,2.75,--,--
陕西省,黄河流域,碛塄,07-22 00:00,Ⅱ类,24.4,8.46,8.52,998.0,15.6,2.35,0.025,0.018,1.79,--,--
陕西省,黄河流域,高家川,07-22 00:00,Ⅱ类,23.6,8.32,7.55,788.1,132.5,2.15,--,0.068,3.20,--,--
陕西省,黄河流域,鱼河,07-22 00:00,Ⅳ类,23.3,8.38,5.96,730.4,178.3,4.92,0.022,0.220,3.87,--,--
陕西省,长江流域,白河城关,07-22 00:00,Ⅱ类,28.5,7.93,7.13,240.9,2.9,2.36,0.016,0.019,0.96,0.018,--
陕西省,长江流域,小钢桥,07-22 00:00,Ⅱ类,29.3,8.14,7.90,245.7,6.5,2.94,0.007,0.021,0.94,--,--
陕西省,长江流域,老君关,07-22 00:00,Ⅱ类,28.2,8.27,9.43,265.6,11.1,2.24,--,0.027,1.26,--,--
陕西省,长江流域,瀛湖坝前,07-22 00:00,Ⅱ类,31.0,8.73,10.86,218.0,9.6,1.62,0.013,0.014,0.75,0.042,528479
陕西省,长江流域,构峪口,07-22 00:00,Ⅰ类,21.5,8.11,8.58,384.8,14.4,1.45,0.001,0.017,1.00,--,--
陕西省,黄河流域,灵口,07-22 00:00,Ⅱ类,26.2,7.84,6.99,546.7,23.4,2.01,--,0.025,1.32,--,--
甘肃省,黄河流域,新城桥,07-22 00:00,Ⅱ类,17.7,8.10,7.33,593.4,253.8,1.76,0.022,0.081,1.50,--,--
甘肃省,黄河流域,湟水桥,07-22 00:00,Ⅲ类,22.2,8.46,7.28,798.1,207.9,2.26,0.093,0.143,4.16,--,--
甘肃省,黄河流域,五佛寺,07-22 00:00,Ⅱ类,20.0,8.26,7.00,647.9,312.9,2.34,0.125,0.028,2.61,--,--
甘肃省,黄河流域,桦林,07-22 00:00,Ⅱ类,23.7,8.20,6.97,821.4,864.5,2.85,--,0.067,6.44,--,--
甘肃省,黄河流域,葡萄园,07-22 00:00,Ⅱ类,26.2,8.37,6.87,1006.0,--,2.96,0.061,0.079,5.89,--,--
甘肃省,黄河流域,长庆桥,07-22 00:00,Ⅳ类,27.8,8.52,5.96,914.3,328.3,2.77,--,0.238,3.71,--,--
甘肃省,长江流域,固水子村,07-22 00:00,Ⅱ类,21.8,8.32,7.37,373.1,205.2,0.95,--,0.047,1.24,--,--
甘肃省,长江流域,两水桥,07-22 00:00,Ⅰ类,22.0,8.69,7.89,357.2,264.1,0.89,0.012,0.001,1.34,--,--
青海省,黄河流域,金滩,07-22 00:00,Ⅱ类,16.0,8.32,6.40,535.2,17.7,2.82,0.078,0.035,0.96,--,--
宁夏回族自治区,黄河流域,叶盛公路桥,07-22 00:00,Ⅱ类,21.8,8.15,6.92,820.2,742.4,2.14,--,0.060,2.57,--,--
宁夏回族自治区,黄河流域,平罗黄河大桥,07-22 00:00,Ⅱ类,23.2,8.18,6.42,915.8,--,1.66,--,0.046,3.00,--,--
宁夏回族自治区,黄河流域,麻黄沟,07-22 00:00,Ⅱ类,23.6,8.05,6.58,966.6,--,1.96,--,0.040,2.64,--,--
宁夏回族自治区,黄河流域,沙湖,07-22 00:00,Ⅳ类,23.7,8.53,7.96,1469.3,47.6,7.35,0.035,0.035,1.28,0.028,46733000
宁夏回族自治区,黄河流域,沟圈,07-22 00:00,Ⅱ类,26.2,8.40,6.21,1679.7,207.7,3.66,--,0.075,4.53,--,--
宁夏回族自治区,黄河流域,中卫下河沿,07-22 00:00,Ⅱ类,21.2,8.04,6.42,650.0,3883.5,2.38,--,0.055,2.43,--,--
宁夏回族自治区,黄河流域,泉眼山,07-22 00:00,Ⅲ类,24.5,8.31,8.04,7474.6,33.3,4.62,0.209,0.033,22.86,--,--
辽宁省,辽河流域,巨流河大桥,07-22 00:00,Ⅳ类,24.0,7.60,5.95,395.4,407.7,8.60,--,0.278,5.69,--,--
辽宁省,辽河流域,麦家,07-22 00:00,Ⅲ类,28.6,8.23,8.83,352.5,28.6,4.95,0.043,0.172,1.75,--,--
辽宁省,辽河流域,复州湾大桥,07-22 00:00,Ⅲ类,27.4,8.07,7.25,534.6,7.9,4.22,0.005,0.098,5.12,--,--
辽宁省,辽河流域,万泰,07-22 00:00,Ⅰ类,28.3,8.88,11.52,145.8,5.0,1.74,--,0.015,1.64,--,--
辽宁省,辽河流域,登化,07-22 00:00,Ⅳ类,29.2,8.47,23.41,526.4,19.2,9.17,0.033,0.162,4.17,--,--
辽宁省,辽河流域,口子街,07-22 00:00,Ⅱ类,25.5,8.59,6.11,289.1,12.3,1.83,0.032,0.030,4.77,--,--
辽宁省,辽河流域,关门山大桥,07-22 00:00,Ⅱ类,22.7,7.82,7.14,332.2,9.3,1.46,--,0.030,6.58,--,--
辽宁省,辽河流域,凤鸣电站,07-22 00:00,Ⅱ类,18.6,7.72,8.65,207.8,28.5,2.29,0.019,0.047,3.90,--,--
辽宁省,辽河流域,南太子河入库口,07-22 00:00,Ⅰ类,22.5,7.55,8.32,201.4,2.8,1.06,0.004,0.009,7.18,--,--
辽宁省,辽河流域,江桥,07-22 00:00,Ⅲ类,22.9,7.19,5.66,162.4,7.7,1.06,0.008,0.024,2.95,--,--
辽宁省,辽河流域,蒲石河大桥,07-22 00:00,Ⅱ类,21.8,7.39,9.70,156.8,10.7,1.27,0.062,0.042,4.22,--,--
辽宁省,辽河流域,王家沟,07-22 00:00,Ⅱ类,24.6,8.04,7.52,750.1,20.6,2.04,0.018,0.064,4.51,--,--
辽宁省,辽河流域,张家堡,07-22 00:00,Ⅲ类,26.7,8.04,6.13,677.8,58.7,3.71,0.020,0.125,5.09,--,--
辽宁省,辽河流域,女儿河入河口,07-22 00:00,Ⅱ类,27.2,8.24,12.79,782.0,19.7,2.62,--,0.064,7.85,--,--
辽宁省,辽河流域,何家信子,07-22 00:00,Ⅱ类,22.9,8.01,7.62,472.9,9.5,3.01,0.048,0.068,2.02,--,--
辽宁省,辽河流域,高台子,07-22 00:00,劣Ⅵ类,18.5,7.92,1.99,891.3,39.9,4.18,--,0.109,5.58,--,--
辽宁省,辽河流域,大清河口,07-22 00:00,Ⅳ类,28.4,8.53,9.14,521.5,23.7,6.14,0.240,0.114,4.87,--,--
辽宁省,辽河流域,下口子,07-22 00:00,Ⅲ类,21.8,7.44,6.52,361.4,47.5,3.89,0.118,0.120,4.68,--,--
辽宁省,辽河流域,下王家,07-22 00:00,Ⅱ类,21.1,7.59,8.42,342.0,44.2,3.59,0.067,0.070,5.63,--,--
辽宁省,辽河流域,汤河桥,07-22 00:00,Ⅱ类,21.0,7.87,7.36,411.1,7.9,1.62,0.033,0.028,2.89,--,--
辽宁省,辽河流域,下达河入汤河水库口,07-22 00:00,Ⅱ类,23.5,8.05,7.17,428.3,8.9,2.25,0.011,0.038,7.84,--,--
辽宁省,辽河流域,胜利塘,07-22 00:00,Ⅳ类,27.4,7.53,3.04,548.3,68.3,6.70,--,0.099,1.49,--,--
辽宁省,辽河流域,鲜峰桥,07-22 00:00,Ⅳ类,27.7,8.76,20.99,524.2,24.9,8.92,--,0.150,9.40,--,--
辽宁省,辽河流域,亮子河入河口,07-22 00:00,Ⅳ类,24.9,7.53,5.09,536.3,49.2,4.86,0.074,0.222,4.77,--,--
辽宁省,辽河流域,大凌河西支入河口,07-22 00:00,Ⅲ类,20.8,8.10,7.60,851.8,135.3,3.68,0.034,0.119,14.63,--,--
辽宁省,辽河流域,李家湾大桥,07-22 00:00,Ⅱ类,21.5,8.00,7.57,554.9,70.3,1.26,--,0.049,4.78,--,--
辽宁省,辽河流域,红石碑入海前,07-22 00:00,Ⅲ类,27.4,7.96,8.43,902.5,23.4,3.02,0.036,0.173,8.24,--,--
辽宁省,辽河流域,小渔场,07-22 00:00,Ⅱ类,25.9,8.54,6.71,533.8,12.3,3.57,--,0.041,4.77,--,--
吉林省,松花江流域,砖瓦窑桥,07-22 00:00,Ⅳ类,20.2,7.55,4.61,370.2,149.8,6.79,0.005,0.249,4.16,--,--
吉林省,松花江流域,镇江口,07-22 00:00,Ⅲ类,23.8,7.00,6.44,238.5,100.2,4.85,--,0.144,4.08,--,--
吉林省,松花江流域,靠山大桥,07-22 00:00,Ⅴ类,27.6,7.66,4.09,512.7,264.0,7.53,--,0.308,3.29,--,--
吉林省,松花江流域,饮马河大桥,07-22 00:00,Ⅲ类,20.8,7.09,7.86,204.7,163.7,5.09,--,0.155,5.11,--,--
吉林省,松花江流域,白旗,07-22 00:00,Ⅳ类,19.1,7.18,9.44,163.2,255.4,5.42,0.126,0.208,8.48,--,--
吉林省,松花江流域,白山大桥,07-22 00:00,Ⅲ类,11.8,7.11,8.07,109.8,30.8,5.46,--,0.035,1.69,--,--
吉林省,松花江流域,官厅桥,07-22 00:00,Ⅳ类,23.2,6.91,5.12,191.7,149.4,6.60,0.119,0.204,4.96,--,--
吉林省,松花江流域,哨口,07-22 00:00,Ⅳ类,19.5,7.11,9.15,160.2,314.5,5.08,0.123,0.208,7.42,--,--
吉林省,松花江流域,肖家船口,07-22 00:00,Ⅲ类,22.1,6.75,7.68,142.9,25.9,5.07,0.027,0.112,3.44,--,--
吉林省,辽河流域,城子上,07-22 00:00,Ⅲ类,25.3,7.82,7.41,421.6,101.9,4.46,0.009,0.111,1.76,--,--
吉林省,辽河流域,六家子,07-22 00:00,Ⅴ类,22.7,7.62,6.60,684.3,204.2,5.48,0.025,0.320,11.45,--,--
吉林省,辽河流域,林家,07-22 00:00,Ⅳ类,24.4,7.71,7.02,899.4,91.9,6.65,--,0.227,7.61,--,--
吉林省,辽河流域,河清,07-22 00:00,Ⅲ类,20.3,7.34,6.77,467.2,248.2,4.88,--,0.142,6.90,--,--
吉林省,辽河流域,云峰,07-22 00:00,Ⅲ类,17.6,7.10,5.36,136.2,30.8,2.04,0.007,0.023,2.52,--,--
吉林省,辽河流域,老虎哨,07-22 00:00,Ⅱ类,19.3,7.25,7.65,105.6,32.5,2.51,0.015,0.030,2.44,--,--
吉林省,辽河流域,鸠谷,07-22 00:00,Ⅱ类,15.3,7.52,9.41,100.8,23.4,3.45,0.060,0.060,1.50,--,--
吉林省,辽河流域,大阳岔,07-22 00:00,Ⅱ类,9.7,7.88,7.59,289.5,16.1,0.76,0.005,0.025,1.78,--,--
吉林省,松花江流域,月亮湖下,07-22 00:00,Ⅳ类,26.6,7.10,3.12,151.1,236.7,8.10,--,0.250,2.98,--,--
吉林省,松花江流域,崇善,07-22 00:00,Ⅳ类,15.4,7.47,10.37,82.3,38.5,8.31,0.022,0.057,1.33,--,--
吉林省,松花江流域,石井,07-22 00:00,Ⅲ类,22.4,7.66,7.61,231.1,67.3,3.20,0.019,0.108,2.33,--,--
吉林省,松花江流域,三家子,07-22 00:00,Ⅲ类,21.0,6.87,8.36,103.8,26.2,5.52,0.034,0.074,1.25,--,--
吉林省,松花江流域,建封路大桥,07-22 00:00,Ⅱ类,13.5,7.72,9.93,214.0,19.3,1.20,0.056,0.071,0.80,--,--
黑龙江省,松花江流域,摆渡镇,07-22 00:00,Ⅳ类,26.6,7.14,3.93,209.2,82.6,6.47,0.146,0.158,3.09,--,--
黑龙江省,松花江流域,苗家,07-22 00:00,Ⅳ类,28.0,7.08,6.16,139.9,70.4,6.92,0.056,0.207,2.78,--,--
黑龙江省,松花江流域,磨盘山水库出口,07-22 00:00,Ⅲ类,25.6,--,11.14,62.3,10.7,5.83,0.022,0.037,2.02,0.005,25472
黑龙江省,松花江流域,朱顺屯,07-22 00:00,Ⅴ类,26.8,7.13,2.91,195.1,161.1,7.02,0.108,0.196,3.56,--,--
黑龙江省,松花江流域,阿什河口内,07-22 00:00,Ⅲ类,26.9,7.36,6.33,311.7,40.0,5.75,--,0.145,2.75,--,--
黑龙江省,松花江流域,大顶子山,07-22 00:00,Ⅳ类,27.5,7.16,3.03,195.4,93.7,5.66,0.135,0.083,6.36,--,--
黑龙江省,松花江流域,拉哈,07-22 00:00,Ⅳ类,21.9,7.14,5.36,110.8,89.9,7.39,--,0.072,1.22,--,--
黑龙江省,松花江流域,查哈阳乡,07-22 00:00,Ⅳ类,22.6,7.33,7.88,99.1,129.7,7.87,0.012,0.083,1.08,--,--
黑龙江省,松花江流域,音河水库,07-22 00:00,Ⅴ类,24.0,7.28,5.72,185.6,468.2,10.72,--,0.197,1.20,--,--
黑龙江省,松花江流域,浏园,07-22 00:00,Ⅳ类,24.6,7.12,6.27,123.2,131.7,8.56,--,0.096,3.06,--,--
黑龙江省,松花江流域,江桥,07-22 00:00,Ⅳ类,26.4,7.36,5.67,152.8,161.6,6.91,--,0.124,2.84,--,--
黑龙江省,松花江流域,富源村,07-22 00:00,Ⅴ类,25.0,7.34,5.81,96.0,241.0,13.00,--,0.237,0.83,--,--
黑龙江省,松花江流域,泄洪1闸,07-22 00:00,Ⅲ类,28.9,8.74,8.06,266.4,49.2,4.10,--,0.045,1.96,0.004,17536.00
黑龙江省,松花江流域,858九队,07-22 00:00,Ⅳ类,28.9,6.68,4.22,168.7,236.1,8.79,0.188,0.168,1.98,--,--
黑龙江省,松花江流域,穆棱河口内,07-22 00:00,Ⅲ类,24.8,7.62,7.60,259.1,18.6,5.78,0.021,0.082,0.97,--,--
黑龙江省,松花江流域,名山,07-22 00:00,Ⅴ类,24.2,7.54,8.13,98.6,45.5,11.69,0.054,0.041,0.47,--,--
黑龙江省,松花江流域,饶河上,07-22 00:00,Ⅳ类,23.7,7.07,6.25,71.0,48.2,9.97,0.033,0.067,1.86,--,--
黑龙江省,松花江流域,挠力河口内,07-22 00:00,Ⅳ类,29.1,7.50,5.60,260.9,47.9,6.99,0.103,0.167,0.95,--,--
黑龙江省,松花江流域,嫩江口内,07-22 00:00,Ⅴ类,26.4,6.93,3.68,133.0,208.5,11.48,--,0.233,3.77,--,--
黑龙江省,松花江流域,友好,07-22 00:00,Ⅴ类,24.4,7.22,7.94,92.5,13.3,11.11,0.018,0.054,1.20,--,--
黑龙江省,松花江流域,嘉荫,07-22 00:00,-1,--,--,--,--,--,--,--,--,--,--,--
黑龙江省,松花江流域,双河渠首,07-22 00:00,Ⅲ类,25.6,7.22,8.15,127.1,14.9,4.27,0.010,0.064,2.71,--,--
黑龙江省,松花江流域,佳木斯下,07-22 00:00,Ⅳ类,24.9,7.19,6.40,180.8,185.2,6.95,0.074,0.178,3.40,--,--
黑龙江省,松花江流域,汤旺河口内,07-22 00:00,Ⅳ类,25.1,7.08,7.99,89.8,11.6,7.39,0.004,0.055,2.22,--,--
黑龙江省,松花江流域,宏克利,07-22 00:00,Ⅲ类,27.6,6.89,6.08,190.0,63.9,5.68,0.033,0.152,3.09,--,--
黑龙江省,松花江流域,海浪,07-22 00:00,Ⅴ类,22.5,6.97,8.31,112.4,306.2,10.51,0.173,0.026,6.31,--,--
黑龙江省,松花江流域,三道,07-22 00:00,Ⅴ类,22.4,7.07,5.95,123.9,97.2,6.40,0.106,0.111,2.89,--,33024
黑龙江省,松花江流域,黑河下,07-22 00:00,劣Ⅵ类,19.6,7.39,7.77,98.5,82.9,15.21,--,0.068,0.60,--,--
黑龙江省,松花江流域,呼玛河口内,07-22 00:00,Ⅳ类,18.7,7.18,8.39,59.6,8.3,8.00,0.026,0.027,0.33,--,--
黑龙江省,松花江流域,加格达奇上,07-22 00:00,Ⅳ类,15.2,6.90,8.88,59.8,14.6,6.20,--,0.019,0.26,--,--
上海市,长江流域,富锦路桥,07-22 00:00,劣Ⅵ类,32.1,7.38,1.38,498.8,89.9,4.38,0.673,0.255,3.00,--,--
上海市,太湖流域,临江,07-22 00:00,Ⅴ类,31.7,7.50,2.76,536.8,57.4,3.57,0.107,0.131,2.05,--,--
上海市,太湖流域,闵行西界,07-22 00:00,Ⅳ类,32.9,7.34,3.01,464.5,32.9,3.31,0.006,0.104,1.75,--,--
上海市,太湖流域,吴淞口,07-22 00:00,劣Ⅵ类,31.0,7.37,1.24,536.7,26.2,2.52,0.085,0.107,2.35,--,--
上海市,太湖流域,蕴川路桥,07-22 00:00,劣Ⅵ类,30.8,7.24,1.53,523.3,46.4,3.55,0.597,0.193,3.29,--,--
上海市,太湖流域,三甲港,07-22 00:00,劣Ⅵ类,30.7,7.40,0.31,420.3,59.0,3.24,0.869,0.149,2.12,--,--
上海市,太湖流域,急水港桥,07-22 00:00,Ⅳ类,31.3,7.44,4.16,513.1,19.9,3.22,0.011,0.094,2.05,0.010,3601170
江苏省,长江流域,七桥瓮,07-22 00:00,劣Ⅵ类,29.7,7.00,0.89,440.0,37.3,5.41,0.628,0.142,1.85,--,--
江苏省,长江流域,节制闸,07-22 00:00,劣Ⅵ类,29.4,7.28,0.61,418.1,11.5,5.87,0.816,0.143,2.56,--,--
江苏省,长江流域,钱家渡,07-22 00:00,Ⅱ类,30.9,7.88,6.95,217.3,33.2,3.66,--,0.064,1.25,--,--
江苏省,太湖流域,锡东水厂,07-22 00:00,Ⅲ类,32.4,8.43,7.03,445.5,34.9,2.14,0.004,0.032,0.50,0.005,3467210
江苏省,太湖流域,兰山嘴,07-22 00:00,Ⅳ类,30.6,8.51,6.55,430.7,49.4,3.26,0.044,0.066,0.84,0.009,6991417
江苏省,太湖流域,蠡桥,07-22 00:00,Ⅴ类,32.8,8.21,2.64,524.0,28.3,3.54,0.273,0.075,1.14,--,--
江苏省,太湖流域,百渎港桥,07-22 00:00,Ⅳ类,31.7,7.44,3.38,416.6,56.3,3.53,0.107,0.132,1.99,--,--
江苏省,太湖流域,大浦港桥,07-22 00:00,Ⅴ类,31.9,7.36,2.70,454.6,49.0,5.40,0.058,0.132,1.96,--,--
江苏省,太湖流域,五牧,07-22 00:00,Ⅳ类,32.3,7.12,4.80,372.5,31.0,2.09,0.130,0.138,2.29,--,--
江苏省,太湖流域,拖山,07-22 00:00,Ⅲ类,32.1,8.82,8.12,435.0,24.2,3.47,0.001,0.038,0.61,0.014,11556710
江苏省,太湖流域,五里湖心,07-22 00:00,Ⅳ类,32.3,8.57,7.93,478.2,16.9,3.42,--,0.063,0.44,0.013,16520930
江苏省,太湖流域,金潼桥,07-22 00:00,Ⅲ类,30.0,7.76,5.24,290.6,39.5,2.61,0.059,0.075,1.87,--,--
江苏省,太湖流域,大港桥,07-22 00:00,Ⅱ类,29.5,7.41,8.15,152.3,2.4,2.34,0.024,0.022,2.16,--,--
江苏省,太湖流域,长济桥,07-22 00:00,Ⅲ类,29.7,7.71,5.88,288.4,22.9,2.04,0.042,0.099,1.70,--,--
江苏省,太湖流域,钓邾大桥,07-22 00:00,Ⅲ类,32.2,8.03,6.76,488.9,29.8,3.43,0.166,0.101,1.29,--,--
江苏省,长江流域,小湾,07-22 00:00,Ⅲ类,29.4,7.77,5.49,274.0,22.6,2.02,--,0.066,1.49,--,--
江苏省,淮河流域,港上桥,07-22 00:00,劣Ⅵ类,30.7,9.16,27.16,344.9,10.2,6.39,0.016,0.131,4.50,--,--
江苏省,淮河流域,李庄,07-22 00:00,Ⅳ类,28.9,7.48,7.22,661.9,17.5,3.97,0.182,0.214,6.82,--,--
江苏省,淮河流域,华山闸,07-22 00:00,Ⅲ类,30.5,8.67,11.38,1172.0,6.4,4.86,0.012,0.047,0.72,--,--
江苏省,淮河流域,沙庄桥,07-22 00:00,Ⅳ类,31.4,8.46,16.10,1406.4,26.7,7.96,0.081,0.106,1.31,--,--
江苏省,淮河流域,艾山西大桥,07-22 00:00,Ⅴ类,28.6,7.58,4.20,881.4,42.3,5.78,0.111,0.342,7.80,--,--
江苏省,淮河流域,下楼公路桥,07-22 00:00,劣Ⅵ类,30.5,7.71,14.18,842.0,25.7,9.03,0.125,0.430,2.74,--,--
江苏省,长江流域,魏村,07-22 00:00,Ⅲ类,29.6,7.70,5.56,274.7,23.3,1.82,--,0.079,1.66,--,--
江苏省,太湖流域,姚巷桥,07-22 00:00,Ⅲ类,33.8,8.01,8.17,407.7,18.5,4.74,0.177,0.101,3.26,--,--
江苏省,太湖流域,黄埝桥,07-22 00:00,Ⅳ类,30.0,7.54,3.36,386.6,23.3,3.35,0.326,0.112,2.15,--,--
江苏省,太湖流域,落蓬湾,07-22 00:00,Ⅳ类,30.8,7.30,4.05,296.4,22.1,4.68,0.248,0.073,1.57,--,--
江苏省,太湖流域,九号桥,07-22 00:00,Ⅱ类,28.6,8.03,7.94,326.4,21.1,2.47,0.224,0.099,1.98,--,--
江苏省,太湖流域,胥湖心,07-22 00:00,Ⅱ类,32.6,--,9.55,346.8,8.6,1.88,--,0.012,0.19,0.001,247736
江苏省,太湖流域,望亭上游,07-22 00:00,Ⅲ类,31.2,7.51,5.60,538.7,24.2,2.85,0.110,0.124,2.61,--,--
江苏省,太湖流域,千灯浦口,07-22 00:00,Ⅳ类,30.9,7.30,3.96,606.0,72.6,5.28,0.342,0.154,1.72,--,--
江苏省,太湖流域,朱厍港口,07-22 00:00,Ⅴ类,29.0,7.15,2.55,591.1,34.2,3.41,0.036,0.093,0.93,--,--
江苏省,太湖流域,浏河闸,07-22 00:00,Ⅳ类,30.9,7.43,3.45,574.2,86.9,4.11,0.417,0.179,2.64,--,--
江苏省,太湖流域,江边闸,07-22 00:00,Ⅲ类,31.2,7.86,5.64,568.0,18.3,3.19,0.023,0.081,1.62,--,--
江苏省,太湖流域,航管站,07-22 00:00,Ⅱ类,33.0,8.50,6.67,441.2,22.1,2.09,--,0.016,0.63,--,--
江苏省,太湖流域,越溪桥,07-22 00:00,Ⅳ类,32.2,7.35,3.57,470.3,32.6,6.27,0.756,0.160,2.15,--,--
江苏省,太湖流域,赵屯,07-22 00:00,Ⅴ类,30.5,7.22,2.78,608.2,31.4,5.15,0.537,0.312,3.31,--,--
江苏省,淮河流域,东安闸桥西,07-22 00:00,Ⅴ类,30.1,7.26,2.27,753.1,47.8,6.37,1.615,0.380,3.42,--,--
江苏省,长江流域,九圩港桥,07-22 00:00,Ⅳ类,29.4,7.59,4.32,299.1,54.9,1.88,0.018,0.075,1.27,--,--
江苏省,长江流域,碾砣港闸,07-22 00:00,Ⅲ类,29.9,7.82,5.55,378.2,32.6,2.52,0.170,0.123,2.07,--,--
江苏省,长江流域,聚南大桥,07-22 00:00,Ⅴ类,32.1,7.41,2.02,933.2,8.9,5.69,0.186,0.214,1.20,--,--
江苏省,长江流域,大洋港桥,07-22 00:00,Ⅴ类,30.4,7.41,2.04,575.4,40.0,3.39,0.123,0.223,2.21,--,--
江苏省,长江流域,塘芦港闸,07-22 00:00,劣Ⅵ类,32.2,7.44,0.68,1113.6,5.7,5.11,0.288,0.255,1.71,--,--
江苏省,淮河流域,小洋口,07-22 00:00,劣Ⅵ类,27.5,7.47,0.19,916.8,36.2,6.66,1.105,0.331,3.02,--,--
江苏省,淮河流域,环东闸口,07-22 00:00,劣Ⅵ类,30.3,7.43,1.98,681.2,63.1,5.71,0.737,0.290,3.00,--,--
江苏省,淮河流域,北凌新闸,07-22 00:00,劣Ⅵ类,29.3,7.42,1.26,975.5,22.9,6.86,1.028,0.387,3.75,--,--
江苏省,淮河流域,总渠苏嘴,07-22 00:00,劣Ⅵ类,26.5,7.08,1.62,566.0,22.2,5.23,0.619,0.160,2.55,--,--
江苏省,淮河流域,唐曹,07-22 00:00,Ⅴ类,28.0,7.30,2.81,485.5,99.9,5.57,0.901,0.218,2.02,--,--
江苏省,淮河流域,槐泗河口,07-22 00:00,Ⅲ类,28.4,7.77,5.42,443.5,210.8,5.80,0.173,0.129,2.89,--,--
江苏省,淮河流域,大运河船闸,07-22 00:00,Ⅳ类,32.2,7.58,4.38,529.7,55.3,5.72,0.482,0.108,2.68,--,--
江苏省,长江流域,冻青桥,07-22 00:00,劣Ⅵ类,29.6,7.47,1.73,548.7,33.8,4.84,1.022,0.185,2.37,--,--
江苏省,长江流域,小河口上游,07-22 00:00,Ⅲ类,29.8,7.66,5.15,265.5,39.1,2.26,0.058,0.080,1.35,--,--
江苏省,淮河流域,曹庄桥,07-22 00:00,劣Ⅵ类,28.8,7.24,1.35,569.1,31.3,7.81,1.951,0.292,3.83,--,--
江苏省,太湖流域,辛丰镇,07-22 00:00,Ⅳ类,29.4,7.60,4.34,294.1,22.2,3.13,0.266,0.103,1.72,--,--
江苏省,太湖流域,林家闸,07-22 00:00,Ⅱ类,29.6,7.70,6.21,268.0,16.7,2.04,--,0.061,1.61,--,--
江苏省,长江流域,新河桥,07-22 00:00,Ⅳ类,30.3,7.46,4.40,307.9,6.1,3.06,0.506,0.089,1.33,--,--
江苏省,太湖流域,新港桥,07-22 00:00,Ⅱ类,30.3,8.21,10.79,272.8,6.4,1.95,0.011,0.034,1.18,--,--
江苏省,太湖流域,吕城,07-22 00:00,Ⅳ类,30.0,7.32,3.01,323.0,24.1,3.19,0.040,0.112,1.93,--,--
江苏省,淮河流域,海陵大桥,07-22 00:00,劣Ⅵ类,29.3,7.30,1.15,473.9,22.7,4.82,0.729,0.157,2.65,--,--
江苏省,长江流域,马甸闸西,07-22 00:00,Ⅳ类,29.9,8.19,8.00,323.9,36.1,7.22,0.206,0.068,1.54,--,--
江苏省,长江流域,祥和大桥,07-22 00:00,劣Ⅵ类,29.4,7.28,0.50,422.3,4.3,3.89,0.842,0.223,1.76,--,--
江苏省,长江流域,新十圩港大桥,07-22 00:00,Ⅲ类,29.7,7.81,5.73,309.7,49.6,2.27,0.022,0.079,1.71,--,--
江苏省,淮河流域,临淮乡入湖口,07-22 00:00,Ⅳ类,31.1,8.55,12.86,713.5,17.2,9.82,0.017,0.086,2.65,--,--
江苏省,淮河流域,砖瓦厂,07-22 00:00,Ⅳ类,29.8,7.65,4.52,663.5,41.2,7.30,0.030,0.250,3.44,--,--
江苏省,淮河流域,团结闸,07-22 00:00,Ⅳ类,29.7,8.67,10.06,1280.5,13.6,7.21,0.017,0.065,1.60,--,--
江苏省,淮河流域,大屈,07-22 00:00,Ⅴ类,30.2,7.35,4.08,729.0,14.7,10.14,0.455,0.305,4.76,--,--
浙江省,浙闽片河流,小金山,07-22 00:00,Ⅱ类,30.7,--,11.85,131.8,4.8,2.45,0.002,0.021,0.79,--,--
浙江省,浙闽片河流,三潭岛,07-22 00:00,Ⅱ类,30.2,--,11.06,123.6,3.7,1.89,--,0.015,0.55,--,--
浙江省,浙闽片河流,千岛湖大坝前,07-22 00:00,Ⅰ类,31.0,--,9.45,125.9,2.1,1.32,0.024,0.008,0.56,--,--
浙江省,浙闽片河流,桐君山,07-22 00:00,Ⅱ类,27.5,7.19,7.39,123.9,11.0,1.33,0.015,0.034,1.55,--,--
浙江省,浙闽片河流,洋溪渡,07-22 00:00,Ⅲ类,16.4,7.06,5.71,147.3,7.3,1.21,0.026,0.022,0.86,--,--
浙江省,浙闽片河流,桐庐,07-22 00:00,Ⅱ类,23.6,7.33,7.82,148.0,14.0,1.14,--,0.053,1.48,--,--
浙江省,浙闽片河流,清林渡,07-22 00:00,Ⅴ类,31.4,7.23,2.39,361.1,30.6,4.80,0.116,0.116,2.93,--,--
浙江省,浙闽片河流,梁桥,07-22 00:00,Ⅱ类,28.9,6.86,7.02,94.4,2.1,0.73,0.008,0.057,1.79,--,--
浙江省,浙闽片河流,小旦,07-22 00:00,Ⅱ类,26.7,6.46,6.02,76.1,38.0,1.13,0.056,0.046,1.49,--,--
浙江省,浙闽片河流,蒲岐,07-22 00:00,Ⅱ类,32.0,7.11,6.35,190.0,28.0,1.69,0.153,0.098,2.09,--,--
浙江省,浙闽片河流,沙头,07-22 00:00,Ⅱ类,29.4,7.30,8.10,47.1,5.0,2.05,0.025,0.018,0.66,--,--
浙江省,太湖流域,杨家浦,07-22 00:00,Ⅳ类,31.2,7.53,3.62,428.7,27.9,3.51,0.035,0.070,2.51,--,--
浙江省,浙闽片河流,曹娥江大闸闸前,07-22 00:00,Ⅱ类,31.5,8.50,6.36,288.3,10.2,3.78,0.029,0.045,2.34,--,--
浙江省,浙闽片河流,屠家埠,07-22 00:00,Ⅱ类,30.8,7.07,6.21,148.8,18.4,3.51,0.112,0.087,2.56,--,--
浙江省,浙闽片河流,葛山头,07-22 00:00,Ⅳ类,30.8,6.87,3.13,163.0,18.4,2.75,0.047,0.074,2.95,--,--
浙江省,浙闽片河流,义东桥,07-22 00:00,Ⅲ类,29.9,7.23,5.52,466.5,19.8,4.42,0.155,0.172,4.14,--,--
浙江省,浙闽片河流,塔下洲,07-22 00:00,Ⅲ类,31.2,7.80,7.17,473.2,11.7,5.43,0.060,0.125,3.45,--,--
浙江省,浙闽片河流,东关桥,07-22 00:00,Ⅳ类,31.4,7.22,4.79,345.1,16.7,3.42,0.118,0.156,2.59,--,--
浙江省,浙闽片河流,费垅,07-22 00:00,Ⅲ类,30.7,7.15,5.96,292.0,19.7,3.31,0.333,0.164,2.71,--,--
浙江省,浙闽片河流,台口,07-22 00:00,Ⅱ类,28.6,7.77,7.00,150.8,19.0,1.71,0.059,0.078,2.03,--,--
浙江省,浙闽片河流,南江桥,07-22 00:00,Ⅲ类,29.8,7.63,5.80,246.9,9.6,4.28,0.121,0.136,2.37,--,--
浙江省,浙闽片河流,横山,07-22 00:00,Ⅱ类,29.6,7.43,7.38,152.6,5.1,1.60,0.026,0.026,1.25,--,--
浙江省,浙闽片河流,章店,07-22 00:00,Ⅲ类,29.8,7.63,5.52,268.8,13.2,4.39,0.652,0.189,2.64,--,--
浙江省,浙闽片河流,长潭水库坝口,07-22 00:00,Ⅱ类,30.5,--,9.18,51.9,12.8,2.13,0.007,0.016,0.48,--,--
浙江省,浙闽片河流,老鼠屿,07-22 00:00,Ⅳ类,30.2,7.66,4.67,20693.6,2308.6,3.11,0.052,0.067,1.41,--,--
浙江省,浙闽片河流,金清新闸,07-22 00:00,Ⅲ类,30.6,7.54,5.94,1053.1,25.6,5.09,0.169,0.148,2.46,--,--
浙江省,浙闽片河流,里石门水库,07-22 00:00,Ⅱ类,31.4,--,10.33,69.8,2.3,2.84,0.010,0.013,0.60,0.005,1038708
浙江省,浙闽片河流,温峤,07-22 00:00,劣Ⅵ类,31.7,9.12,17.06,314.5,24.8,3.94,0.019,0.084,2.45,--,--
浙江省,浙闽片河流,永宁江口,07-22 00:00,Ⅲ类,30.5,7.39,5.90,135.5,43.9,2.52,0.106,0.099,1.93,--,--
浙江省,浙闽片河流,沙段,07-22 00:00,Ⅱ类,30.6,7.17,6.27,127.6,5.3,2.75,0.071,0.051,1.64,--,--
浙江省,浙闽片河流,柏枝岙,07-22 00:00,Ⅱ类,29.8,6.90,7.26,96.1,21.1,1.36,0.020,0.052,1.86,--,--
浙江省,浙闽片河流,沙湾上,07-22 00:00,Ⅱ类,24.8,7.36,8.87,29.9,6.0,1.62,0.177,0.013,0.33,--,--
浙江省,浙闽片河流,小溪口,07-22 00:00,Ⅰ类,25.3,7.03,7.81,37.5,5.3,1.45,--,0.017,0.65,--,--
安徽省,巢湖流域,三胜大队渡口,07-22 00:00,Ⅲ类,30.0,8.04,6.75,373.1,38.1,5.12,0.148,0.091,0.92,--,--
安徽省,巢湖流域,兆河入湖口渡口,07-22 00:00,Ⅴ类,29.5,6.92,2.78,306.0,43.5,7.39,1.856,0.104,2.61,--,--
安徽省,巢湖流域,牛角大圩,07-22 00:00,Ⅴ类,29.6,7.30,2.19,451.0,41.7,5.70,0.265,0.132,2.62,--,--
安徽省,巢湖流域,希望桥,07-22 00:00,Ⅴ类,28.2,7.14,2.13,383.3,26.5,3.32,0.726,0.160,4.66,--,--
安徽省,巢湖流域,石堆渡口,07-22 00:00,Ⅴ类,28.0,6.70,2.72,218.2,46.3,6.36,1.313,0.158,4.41,--,--
安徽省,巢湖流域,柘皋大桥,07-22 00:00,劣Ⅵ类,28.9,6.82,1.20,311.5,57.7,6.89,0.904,0.137,2.72,--,--
安徽省,巢湖流域,湖滨,07-22 00:00,Ⅴ类,29.8,8.64,6.56,292.4,34.2,5.27,0.029,0.106,1.25,0.006,11569790
安徽省,巢湖流域,黄麓,07-22 00:00,Ⅲ类,30.0,8.61,7.74,401.3,18.4,3.76,--,0.042,0.30,0.009,3134809
安徽省,巢湖流域,三河镇大桥,07-22 00:00,劣Ⅵ类,28.9,6.55,0.90,321.5,41.1,5.82,1.396,0.168,3.62,--,--
安徽省,巢湖流域,三河镇新大桥,07-22 00:00,Ⅳ类,27.7,6.90,4.83,110.2,31.2,4.32,0.525,0.105,3.13,--,--
安徽省,巢湖流域,施口,07-22 00:00,Ⅴ类,29.5,7.04,2.06,526.3,37.6,5.67,--,0.180,4.83,--,--
安徽省,巢湖流域,靠近大坝,07-22 00:00,Ⅱ类,30.2,8.40,8.02,151.2,4.9,3.53,--,0.016,0.60,0.016,3827381
安徽省,巢湖流域,新河入湖区,07-22 00:00,Ⅳ类,27.0,7.16,5.66,275.2,38.2,4.98,0.475,0.097,2.08,0.011,30617720
安徽省,巢湖流域,西半湖湖心,07-22 00:00,Ⅴ类,29.7,--,7.91,388.0,40.9,5.38,0.005,0.117,0.74,0.011,20658710
安徽省,巢湖流域,龟山,07-22 00:00,Ⅲ类,29.8,8.62,8.75,425.6,26.2,3.95,--,0.042,0.70,0.014,11667700
安徽省,巢湖流域,东半湖湖心,07-22 00:00,Ⅲ类,29.9,8.75,7.79,430.8,13.7,4.32,--,0.042,0.47,0.007,13662420
安徽省,巢湖流域,忠庙,07-22 00:00,Ⅳ类,28.5,8.75,7.16,235.0,26.8,5.18,0.020,0.072,0.95,0.012,15560030
安徽省,巢湖流域,兆河入湖区,07-22 00:00,Ⅳ类,28.8,8.26,7.30,344.5,34.3,4.77,0.043,0.063,0.44,0.004,8458971
安徽省,巢湖流域,双桥河入湖口,07-22 00:00,Ⅳ类,29.5,7.41,3.36,463.0,14.0,3.27,0.160,0.065,1.83,--,--
安徽省,巢湖流域,繁华大道桥,07-22 00:00,劣Ⅵ类,29.0,7.09,1.94,420.0,21.6,6.79,0.633,0.161,3.12,--,--
安徽省,长江流域,东西梁山,07-22 00:00,Ⅲ类,29.6,7.76,5.47,243.2,32.6,1.75,0.087,0.079,1.55,--,--
安徽省,长江流域,宝塔根,07-22 00:00,Ⅱ类,27.3,7.08,6.15,104.6,27.6,2.20,0.139,0.047,1.39,--,--
安徽省,巢湖流域,裕溪口,07-22 00:00,Ⅳ类,29.4,7.32,3.73,358.4,56.3,5.13,0.217,0.088,1.48,--,--
安徽省,长江流域,荻港,07-22 00:00,Ⅳ类,27.9,7.35,3.40,391.7,13.8,3.54,0.092,0.069,1.95,--,--
安徽省,长江流域,澛港桥,07-22 00:00,Ⅳ类,28.0,7.08,4.98,134.2,19.9,3.15,0.100,0.051,1.54,--,--
安徽省,长江流域,西河入裕溪河口,07-22 00:00,劣Ⅵ类,29.6,6.94,1.47,311.6,34.8,5.60,0.390,0.080,1.72,--,--
安徽省,淮河流域,沫河口,07-22 00:00,Ⅳ类,28.4,7.35,4.66,432.4,37.2,4.12,0.096,0.144,1.39,--,--
安徽省,淮河流域,焦岗湖,07-22 00:00,Ⅲ类,29.9,8.67,8.81,598.5,14.4,5.48,0.018,0.031,0.54,0.013,10832500
安徽省,长江流域,姑溪河大桥,07-22 00:00,Ⅲ类,29.9,7.14,5.94,262.2,39.7,4.15,--,0.056,1.20,--,--
安徽省,长江流域,当涂查湾,07-22 00:00,Ⅳ类,30.1,6.94,3.82,214.2,24.3,3.93,--,0.065,1.64,--,--
安徽省,长江流域,雨山河下游,07-22 00:00,Ⅳ类,28.3,7.29,3.85,624.5,14.8,2.83,0.440,0.187,4.24,--,--
安徽省,淮河流域,小王桥,07-22 00:00,Ⅲ类,30.4,7.81,5.06,1490.6,9.2,5.45,0.060,0.090,1.43,--,--
安徽省,淮河流域,李大桥闸,07-22 00:00,劣Ⅵ类,28.8,8.25,1.31,1403.5,9.1,6.29,0.051,0.053,0.64,--,--
安徽省,长江流域,太平湖湖心,07-22 00:00,Ⅱ类,29.8,--,10.97,95.3,4.6,2.28,--,0.018,0.63,0.009,11140630
安徽省,淮河流域,天长化工厂,07-22 00:00,劣Ⅵ类,28.0,6.85,0.37,509.3,88.6,5.64,0.372,0.132,2.87,--,--
安徽省,淮河流域,公路桥,07-22 00:00,Ⅳ类,29.9,7.02,4.06,369.1,57.9,6.98,0.281,0.179,2.40,--,--
安徽省,淮河流域,小柳巷,07-22 00:00,Ⅳ类,29.0,6.90,4.24,354.4,54.2,3.26,0.008,0.118,1.94,--,--
安徽省,长江流域,水口,07-22 00:00,Ⅳ类,28.8,7.28,5.58,466.0,80.5,6.13,--,0.221,2.74,--,--
安徽省,长江流域,乌衣下,07-22 00:00,Ⅳ类,29.0,7.01,3.06,404.2,21.5,7.98,0.688,0.145,2.13,--,--
安徽省,淮河流域,张大桥,07-22 00:00,Ⅳ类,32.8,8.32,8.82,1098.8,28.3,6.19,0.114,0.071,1.40,--,--
安徽省,淮河流域,王家坝,07-22 00:00,Ⅲ类,31.4,7.64,5.60,241.2,34.1,4.13,0.126,0.103,2.28,--,--
安徽省,淮河流域,界首七渡口,07-22 00:00,Ⅳ类,32.2,7.44,4.55,761.3,20.9,2.81,0.376,0.136,2.13,--,--
安徽省,淮河流域,奎河苏皖省界,07-22 00:00,Ⅴ类,29.2,7.05,3.29,889.7,23.7,7.85,0.961,0.369,4.62,--,--
安徽省,淮河流域,芦岭桥,07-22 00:00,Ⅲ类,30.5,8.21,8.48,1200.6,13.0,4.76,0.042,0.085,1.95,--,--
安徽省,淮河流域,利辛段,07-22 00:00,Ⅲ类,31.4,8.63,8.39,711.9,7.3,5.47,0.042,0.053,0.74,--,--
安徽省,长江流域,南漪湖西湖湖心,07-22 00:00,Ⅳ类,31.1,--,8.52,179.9,8.7,5.18,0.019,0.061,1.33,0.013,8282834
安徽省,长江流域,汪溪,07-22 00:00,Ⅱ类,26.1,7.58,6.93,186.2,24.1,1.48,0.068,0.082,1.81,--,--
安徽省,长江流域,狮子口,07-22 00:00,Ⅲ类,28.8,7.19,6.35,234.2,37.9,4.29,0.265,0.110,2.87,--,--
福建省,浙闽片河流,永泰横龙,07-22 00:00,Ⅱ类,29.8,8.77,8.79,40.7,12.4,2.28,0.028,0.025,0.45,--,--
福建省,浙闽片河流,闽清雄江,07-22 00:00,Ⅱ类,31.6,8.47,8.32,113.0,1.9,2.21,0.021,0.028,0.92,--,--
福建省,浙闽片河流,隘头潭,07-22 00:00,Ⅱ类,30.2,6.34,6.75,182.9,4.1,1.89,0.045,0.059,0.32,--,--
福建省,浙闽片河流,尤溪拥口大桥,07-22 00:00,Ⅲ类,29.7,7.00,5.77,128.1,34.6,4.58,0.810,0.150,2.45,--,--
福建省,浙闽片河流,南安康美桥,07-22 00:00,Ⅲ类,28.0,7.18,6.74,134.6,6.8,1.90,0.087,0.108,2.26,--,--
福建省,浙闽片河流,永春东关桥,07-22 00:00,Ⅲ类,28.1,6.52,5.01,113.3,18.2,2.72,0.169,0.100,2.32,--,--
福建省,浙闽片河流,安溪罗内桥,07-22 00:00,Ⅲ类,29.6,7.11,5.68,134.2,4.1,1.01,0.270,0.064,2.26,--,--
福建省,浙闽片河流,南安霞东桥,07-22 00:00,Ⅳ类,31.1,7.10,4.84,149.8,9.7,1.56,0.251,0.090,2.37,--,--
福建省,浙闽片河流,华安西陂,07-22 00:00,Ⅲ类,27.4,7.17,5.44,205.4,20.1,1.63,0.119,0.094,1.60,--,--
福建省,浙闽片河流,南靖靖城桥,07-22 00:00,Ⅲ类,29.2,6.50,5.98,154.8,25.5,2.25,0.165,0.107,5.98,--,--
福建省,浙闽片河流,诏安澳子头,07-22 00:00,Ⅲ类,31.2,6.72,6.82,96.9,1.6,3.56,0.097,0.141,0.81,--,--
福建省,浙闽片河流,南靖洪濑汤坑桥,07-22 00:00,Ⅱ类,28.7,6.50,6.06,232.7,25.2,1.91,0.079,0.099,11.92,--,--
福建省,浙闽片河流,浦南水文站,07-22 00:00,Ⅱ类,28.8,7.14,6.70,212.4,27.6,1.57,0.160,0.088,1.55,--,--
福建省,浙闽片河流,南溪浮宫桥,07-22 00:00,Ⅳ类,30.3,6.79,4.01,355.4,248.9,2.78,0.166,0.111,3.43,--,--
福建省,浙闽片河流,上坂,07-22 00:00,Ⅳ类,29.3,6.40,3.83,169.3,24.1,2.63,0.481,0.171,3.97,--,--
福建省,浙闽片河流,云霄高塘渡口,07-22 00:00,Ⅳ类,28.6,6.72,4.12,159.4,9.6,1.75,0.203,0.174,5.47,--,--
福建省,浙闽片河流,水汾桥,07-22 00:00,Ⅳ类,30.8,6.86,4.91,227.2,8.9,2.18,0.098,0.063,1.60,--,--
福建省,浙闽片河流,建瓯蓬墩,07-22 00:00,Ⅲ类,30.0,6.63,5.83,63.9,15.1,1.94,0.274,0.053,1.50,--,--
福建省,浙闽片河流,将乐樟应,07-22 00:00,Ⅱ类,30.2,6.84,7.77,83.2,588.2,2.22,0.027,0.032,1.06,--,--
福建省,浙闽片河流,建阳坪州大桥,07-22 00:00,Ⅱ类,29.8,6.90,6.88,89.0,7.3,2.13,0.021,0.052,1.12,--,--
福建省,浙闽片河流,雁石桥,07-22 00:00,Ⅱ类,27.1,7.47,7.66,256.4,32.2,1.41,0.025,0.070,1.69,--,--
福建省,浙闽片河流,八都,07-22 00:00,Ⅲ类,28.3,7.14,6.82,59.2,5.9,2.59,0.037,0.102,1.67,--,--
福建省,浙闽片河流,福安白塔,07-22 00:00,Ⅲ类,29.6,7.14,6.21,54.1,16.0,1.84,0.028,0.101,1.58,--,--
江西省,长江流域,滁槎,07-22 00:00,Ⅳ类,29.7,6.27,3.35,188.1,11.8,1.95,0.128,0.113,1.98,--,--
江西省,长江流域,昌邑,07-22 00:00,Ⅱ类,29.2,8.03,6.03,174.8,19.4,2.01,0.072,0.083,1.88,--,--
江西省,长江流域,八一桥,07-22 00:00,Ⅲ类,31.4,7.45,5.98,156.2,22.2,2.19,0.270,0.079,1.30,--,--
江西省,长江流域,焦石坝,07-22 00:00,Ⅲ类,27.6,6.90,5.57,103.9,22.6,3.32,0.112,0.068,1.67,--,--
江西省,长江流域,戴村,07-22 00:00,Ⅱ类,28.5,7.25,7.71,152.3,32.5,1.68,0.059,0.045,0.87,--,--
江西省,长江流域,龙山口,07-22 00:00,Ⅱ类,26.4,7.81,6.74,235.1,23.5,2.78,0.092,0.074,1.16,--,--
江西省,长江流域,桐车湾,07-22 00:00,Ⅳ类,27.4,7.58,3.81,345.2,23.6,2.90,0.163,0.131,2.41,--,--
江西省,长江流域,金鱼石,07-22 00:00,Ⅲ类,28.9,7.59,5.83,312.6,7.7,2.60,0.266,0.128,2.46,--,--
江西省,长江流域,吴城修河,07-22 00:00,Ⅱ类,27.3,6.62,6.57,86.0,43.0,2.87,0.278,0.070,1.45,--,--
江西省,长江流域,姚港,07-22 00:00,Ⅱ类,29.3,7.57,6.31,311.8,15.1,2.23,0.073,0.070,1.16,--,--
江西省,长江流域,潦河河口,07-22 00:00,Ⅲ类,26.1,6.53,6.79,61.5,178.3,4.03,0.189,0.131,1.37,--,--
江西省,长江流域,柘林湖坝上,07-22 00:00,Ⅰ类,29.4,8.26,11.32,105.7,0.8,1.85,0.001,0.008,0.84,--,--
江西省,长江流域,共青城寨下,07-22 00:00,Ⅲ类,27.1,7.24,5.03,197.4,35.6,3.74,0.432,0.116,2.13,--,--
江西省,长江流域,罗坊,07-22 00:00,Ⅳ类,30.5,7.31,4.95,326.6,20.7,4.10,0.277,0.098,2.00,--,--
江西省,长江流域,孔目江江口,07-22 00:00,Ⅱ类,30.0,7.88,7.04,376.3,28.3,2.37,0.061,0.061,1.00,--,--
江西省,长江流域,浮桥,07-22 00:00,Ⅳ类,29.2,7.16,3.90,339.3,9.6,3.25,0.271,0.053,2.35,--,--
江西省,长江流域,傣家村,07-22 00:00,Ⅲ类,30.9,8.67,6.36,201.6,6.9,4.64,0.088,0.042,1.20,0.011,23838940
江西省,长江流域,炭埠周家,07-22 00:00,Ⅳ类,29.9,6.36,4.66,116.6,9.2,2.71,--,0.065,2.13,--,--
江西省,长江流域,白塔河河口,07-22 00:00,Ⅱ类,27.9,6.71,6.20,76.9,17.0,2.55,0.183,0.072,1.26,--,--
江西省,长江流域,土桥,07-22 00:00,Ⅱ类,28.8,7.16,6.32,127.8,15.3,2.97,0.179,0.082,1.34,--,--
江西省,长江流域,流口村,07-22 00:00,Ⅲ类,29.8,6.85,5.51,132.5,13.2,2.13,0.052,0.083,1.64,--,--
江西省,长江流域,市自来水厂,07-22 00:00,Ⅱ类,29.6,7.31,7.66,114.7,5.3,1.55,0.068,0.031,0.96,--,--
江西省,长江流域,新庙前,07-22 00:00,Ⅱ类,30.1,7.32,6.80,148.4,26.4,1.70,0.040,0.039,1.54,--,--
江西省,长江流域,赣县梅林,07-22 00:00,Ⅱ类,30.3,7.55,6.45,140.4,7.8,2.40,0.104,0.098,1.63,--,--
江西省,长江流域,梓坑,07-22 00:00,Ⅳ类,29.4,7.14,4.46,125.2,9.2,4.36,0.114,0.104,1.83,--,--
江西省,长江流域,峡山,07-22 00:00,Ⅲ类,30.8,7.22,5.41,128.4,65.3,2.42,0.119,0.094,1.68,--,--
江西省,长江流域,梅江江口,07-22 00:00,Ⅲ类,30.4,7.26,6.14,102.4,14.9,3.02,0.130,0.105,1.30,--,--
江西省,长江流域,平江江口,07-22 00:00,Ⅱ类,29.2,7.63,6.87,136.0,29.8,2.65,0.295,0.069,0.94,--,--
江西省,长江流域,上犹江江口,07-22 00:00,Ⅱ类,28.2,7.11,7.48,104.8,8.9,2.00,0.076,0.019,0.70,--,--
江西省,长江流域,龙南自来水厂,07-22 00:00,Ⅱ类,29.3,7.64,7.47,207.6,27.9,1.49,0.023,0.031,0.90,--,--
江西省,长江流域,桃江江口,07-22 00:00,Ⅲ类,31.0,7.44,5.47,241.6,9.1,0.76,0.052,0.053,1.75,--,--
江西省,长江流域,大余城郊,07-22 00:00,Ⅱ类,27.1,7.21,6.95,106.6,26.6,1.28,--,--,--,--,--
江西省,珠江流域,兴宁电站,07-22 00:00,Ⅱ类,30.2,8.44,12.62,108.0,2.6,2.15,0.004,0.020,2.63,--,--
江西省,长江流域,通津,07-22 00:00,Ⅱ类,29.0,7.49,7.63,128.6,10.7,1.69,0.070,0.045,1.20,--,--
江西省,长江流域,金滩,07-22 00:00,Ⅲ类,31.7,7.25,5.74,156.4,12.7,1.72,0.101,0.048,1.20,--,--
江西省,长江流域,孤江江口,07-22 00:00,Ⅱ类,30.9,7.18,6.03,137.1,7.6,3.76,0.055,0.049,1.17,--,--
江西省,长江流域,禾水河口,07-22 00:00,Ⅲ类,29.5,7.29,5.23,156.2,11.1,3.54,0.104,0.044,0.93,--,--
江西省,长江流域,蜀水河口,07-22 00:00,Ⅱ类,29.7,6.91,6.94,73.7,16.5,2.32,0.125,0.060,1.02,--,--
江西省,长江流域,遂川江江口,07-22 00:00,Ⅲ类,30.6,7.18,5.62,114.7,27.8,2.48,0.153,0.076,1.46,--,--
江西省,长江流域,乌江江口,07-22 00:00,Ⅳ类,30.7,7.14,4.29,189.9,19.4,2.97,0.350,0.047,1.66,--,--
江西省,长江流域,大洋洲,07-22 00:00,Ⅱ类,30.7,7.44,6.76,141.7,10.3,1.74,0.062,0.045,1.21,--,--
江西省,长江流域,棚下,07-22 00:00,Ⅲ类,28.1,7.15,5.18,180.7,22.8,3.92,0.205,0.147,1.81,--,--
江西省,长江流域,丰城小港口,07-22 00:00,Ⅱ类,30.1,7.15,7.45,141.8,23.4,1.65,0.025,0.044,1.23,--,--
江西省,长江流域,修河港口,07-22 00:00,Ⅱ类,23.9,6.99,8.24,37.7,22.8,1.31,0.009,0.034,0.88,--,--
江西省,长江流域,超坊,07-22 00:00,Ⅲ类,29.4,7.54,7.50,102.3,34.5,3.52,0.117,0.102,1.89,--,--
江西省,长江流域,钟岭水厂,07-22 00:00,Ⅲ类,28.8,6.74,5.90,82.1,28.4,3.65,0.225,0.101,1.74,--,--
江西省,长江流域,临水河口,07-22 00:00,Ⅲ类,26.6,6.37,5.90,96.1,30.9,3.38,0.222,0.089,1.83,--,--
江西省,长江流域,康山,07-22 00:00,Ⅳ类,29.7,6.43,5.48,101.4,19.5,3.39,0.106,0.094,1.19,0.013,309000
江西省,长江流域,瑞洪大桥,07-22 00:00,Ⅴ类,30.5,6.61,2.65,102.1,16.0,2.38,0.036,0.072,1.38,--,--
山东省,黄河流域,泺口,07-22 00:00,Ⅱ类,29.9,7.90,8.68,1307.1,1509.6,2.06,0.143,0.068,2.52,--,--
山东省,淮河流域,台儿庄大桥,07-22 00:00,Ⅳ类,27.3,7.85,4.90,1211.7,4.4,4.03,0.084,0.050,1.38,--,--
山东省,淮河流域,十字河大桥,07-22 00:00,Ⅲ类,30.9,8.14,10.07,1325.9,4.7,4.69,0.010,0.059,2.73,--,--
山东省,淮河流域,峡山水库库中,07-22 00:00,Ⅲ类,28.9,8.50,7.90,780.6,5.6,5.70,0.171,0.041,1.31,0.006,13548400.00
山东省,淮河流域,兖州南大桥,07-22 00:00,Ⅲ类,30.4,7.74,5.53,656.5,18.8,5.13,0.029,0.069,1.31,--,--
山东省,淮河流域,105公路桥,07-22 00:00,Ⅳ类,31.0,7.65,3.42,2167.2,55.4,6.55,0.242,0.244,4.12,--,--
山东省,淮河流域,高河桥,07-22 00:00,Ⅳ类,30.1,7.79,3.23,1529.2,26.7,6.85,0.472,0.210,3.99,--,--
山东省,淮河流域,老运河微山段,07-22 00:00,Ⅲ类,30.1,8.47,14.49,1321.4,9.2,4.81,0.010,0.063,2.35,--,--
山东省,淮河流域,尹沟,07-22 00:00,Ⅲ类,30.4,7.80,6.36,596.0,34.8,4.78,0.216,0.066,1.52,0.060,--
山东省,淮河流域,西支河入湖口,07-22 00:00,Ⅳ类,32.1,8.77,16.53,1465.6,40.1,9.24,0.022,0.130,1.40,--,--
山东省,淮河流域,鲁桥,07-22 00:00,Ⅳ类,30.2,7.71,6.96,1578.5,31.6,6.13,0.233,0.158,3.48,--,--
山东省,淮河流域,牛庄闸,07-22 00:00,Ⅱ类,31.7,8.06,8.55,951.7,24.8,3.85,0.030,0.008,3.62,--,--
山东省,淮河流域,湘子庙,07-22 00:00,劣Ⅵ类,29.4,7.71,1.28,1096.6,51.2,5.70,1.984,0.303,4.71,--,--
山东省,黄河流域,戴村坝,07-22 00:00,Ⅱ类,31.8,8.20,10.58,717.2,7.7,3.66,0.191,0.026,2.40,--,--
山东省,黄河流域,徐家汶,07-22 00:00,Ⅳ类,26.7,7.58,3.26,1002.2,50.8,1.97,0.002,0.086,26.29,--,--
山东省,淮河流域,大古镇,07-22 00:00,劣Ⅵ类,25.3,7.44,0.72,660.3,10.9,4.82,2.005,0.384,5.73,--,--
山东省,淮河流域,夏庄,07-22 00:00,劣Ⅵ类,27.4,7.54,6.04,640.3,14.2,6.78,0.213,0.431,5.64,--,--
山东省,淮河流域,临沂北大桥,07-22 00:00,Ⅴ类,26.5,8.25,6.90,471.8,12.9,8.21,0.045,0.330,7.62,--,--
山东省,淮河流域,捷庄,07-22 00:00,Ⅳ类,27.8,7.61,4.35,614.9,14.3,6.78,0.623,0.288,5.06,--,--
山东省,淮河流域,临沭大兴桥,07-22 00:00,劣Ⅵ类,28.9,8.06,11.69,550.8,9.2,8.48,0.025,0.507,6.00,--,--
山东省,淮河流域,310公路桥,07-22 00:00,劣Ⅵ类,28.8,7.34,0.84,1022.6,1.6,3.12,0.044,0.130,2.48,--,--
山东省,淮河流域,沙沟桥,07-22 00:00,Ⅴ类,25.6,7.43,2.59,739.4,59.6,6.38,0.171,0.277,5.18,--,--
山东省,淮河流域,云蒙湖湖心,07-22 00:00,Ⅲ类,22.9,--,12.95,407.3,9.8,3.24,--,0.026,2.64,0.036,1720250
山东省,海河流域,秤勾湾,07-22 00:00,Ⅲ类,30.3,7.70,5.09,759.1,48.3,2.96,0.244,0.090,4.22,--,--
山东省,海河流域,北湖,07-22 00:00,Ⅱ类,30.2,8.59,9.09,915.4,1.2,2.10,--,0.010,2.29,0.006,1096727
山东省,淮河流域,于楼,07-22 00:00,劣Ⅵ类,29.5,7.70,1.12,1174.2,83.4,7.53,0.435,0.254,4.22,--,--
山东省,淮河流域,徐寨,07-22 00:00,Ⅳ类,30.0,8.43,9.22,1054.2,34.9,6.01,0.219,0.180,2.94,--,--
河南省,黄河流域,七里铺,07-22 00:00,Ⅲ类,31.0,8.03,6.56,626.6,25.1,2.21,0.075,0.150,2.88,--,--
河南省,淮河流域,尖岗水库,07-22 00:00,Ⅱ类,30.7,8.78,8.92,262.8,1.5,2.16,0.010,0.006,0.29,--,--
河南省,黄河流域,高崖寨,07-22 00:00,Ⅳ类,28.9,7.93,4.45,474.4,1.9,1.93,0.014,0.034,1.80,--,--
河南省,黄河流域,白马寺,07-22 00:00,Ⅲ类,31.3,7.80,7.16,730.9,19.5,2.18,0.043,0.182,2.86,--,--
河南省,海河流域,彰武水库,07-22 00:00,Ⅰ类,30.5,8.07,9.90,531.1,4.7,1.12,0.004,0.010,3.33,--,--
河南省,海河流域,冯宿桥,07-22 00:00,Ⅲ类,31.4,8.00,7.87,873.5,30.5,1.85,0.312,0.119,7.37,--,--
河南省,海河流域,五陵,07-22 00:00,Ⅴ类,31.4,7.57,2.50,1392.6,139.7,4.16,0.081,0.278,7.42,--,--
河南省,海河流域,石辛庄,07-22 00:00,Ⅳ类,33.7,8.10,23.09,1134.2,23.8,6.45,0.022,0.047,7.04,--,--
河南省,海河流域,黄花营,07-22 00:00,Ⅰ类,30.0,8.32,11.13,457.1,1.9,0.71,--,0.011,5.74,--,--
河南省,海河流域,前枋城,07-22 00:00,Ⅰ类,30.4,8.09,8.53,502.6,4.2,1.27,--,--,4.37,--,--
河南省,海河流域,卫河小河口,07-22 00:00,Ⅲ类,30.7,7.88,6.40,1504.0,100.3,3.72,0.738,0.148,6.46,--,--
河南省,海河流域,修武水文站,07-22 00:00,Ⅳ类,31.7,7.87,5.57,1986.8,53.9,4.39,0.510,0.224,8.22,--,--
河南省,海河流域,获嘉东碑村,07-22 00:00,Ⅳ类,32.8,7.81,4.18,1153.0,50.4,4.30,0.004,0.238,3.83,--,--
河南省,黄河流域,封丘陶北,07-22 00:00,Ⅱ类,32.5,8.12,6.35,1042.0,15.6,2.86,--,0.055,2.42,--,--
河南省,黄河流域,封丘王堤,07-22 00:00,Ⅳ类,32.4,7.70,6.29,775.0,63.6,7.83,0.004,0.184,3.37,--,--
河南省,海河流域,新乡贾太湖,07-22 00:00,Ⅱ类,32.1,8.15,6.33,1018.2,102.9,2.42,--,0.073,3.56,--,--
河南省,黄河流域,武陟渠首,07-22 00:00,Ⅲ类,26.7,8.01,7.90,717.4,123.5,2.30,0.097,0.179,4.38,--,--
河南省,海河流域,南乐元村集,07-22 00:00,Ⅳ类,23.7,7.68,7.05,1393.0,142.0,3.70,0.098,0.218,7.38,--,--
河南省,海河流域,南乐水文站,07-22 00:00,劣Ⅵ类,30.6,7.53,1.16,1190.2,13.0,3.98,0.381,0.087,0.68,--,--
河南省,黄河流域,濮阳大韩桥,07-22 00:00,Ⅳ类,29.5,7.48,3.90,747.0,35.4,7.32,0.350,0.248,2.00,--,--
河南省,淮河流域,白沙水库,07-22 00:00,Ⅱ类,30.9,8.44,9.43,852.2,5.2,2.66,0.017,0.013,4.45,--,--
河南省,淮河流域,召陵武湾,07-22 00:00,Ⅲ类,32.0,7.75,5.86,638.2,2.9,2.78,0.012,0.069,1.19,--,--
河南省,淮河流域,郾城漯邓桥,07-22 00:00,Ⅳ类,31.2,7.76,4.92,1635.0,17.2,3.54,0.025,0.143,2.54,--,--
河南省,淮河流域,叶舞公路桥,07-22 00:00,Ⅲ类,30.6,7.43,5.47,347.5,7.4,2.55,0.008,0.033,0.75,--,--
河南省,淮河流域,临颍高村桥,07-22 00:00,Ⅲ类,33.4,7.56,5.87,809.4,25.9,4.33,0.383,0.149,4.01,--,--
河南省,黄河流域,洛河大桥,07-22 00:00,Ⅲ类,28.3,8.03,5.96,489.9,118.6,2.41,--,0.049,2.56,--,--
河南省,长江流域,淅川荆紫关,07-22 00:00,Ⅱ类,29.4,8.32,7.31,364.6,3.4,1.78,0.002,0.013,1.21,--,--
河南省,长江流域,淅川史家湾,07-22 00:00,Ⅱ类,30.4,8.23,7.24,366.1,7.3,1.45,--,0.017,1.04,0.002,--
河南省,长江流域,淅川高湾,07-22 00:00,Ⅱ类,31.4,8.09,8.96,354.3,11.7,2.44,--,0.031,0.48,0.007,--
河南省,长江流域,淅川张营,07-22 00:00,Ⅱ类,31.4,8.58,8.94,334.2,20.5,3.24,--,0.017,0.85,0.014,--
河南省,长江流域,五龙泉,07-22 00:00,Ⅰ类,30.6,8.48,7.75,265.7,2.6,1.71,0.005,0.009,0.74,0.001,701554
河南省,长江流域,陶岔,07-22 00:00,Ⅰ类,32.7,8.54,7.97,253.8,3.2,1.19,--,0.008,0.85,0.018,809917
河南省,淮河流域,吕楼桥,07-22 00:00,劣Ⅵ类,30.2,7.48,1.60,1276.0,48.0,4.80,0.080,0.093,0.96,--,--
河南省,淮河流域,黄口,07-22 00:00,Ⅲ类,27.6,7.98,8.28,1230.3,16.8,4.86,0.052,0.058,1.22,--,--
河南省,淮河流域,长台关甘岸桥,07-22 00:00,Ⅲ类,32.0,7.85,5.71,366.8,7.1,3.70,0.007,0.038,0.52,--,--
河南省,淮河流域,潢川水文站,07-22 00:00,Ⅲ类,28.5,7.18,7.07,187.3,26.7,3.63,0.048,0.142,1.69,--,--
河南省,淮河流域,竹竿铺,07-22 00:00,Ⅲ类,28.3,7.67,5.93,155.6,33.3,3.03,0.050,0.150,1.32,--,--
河南省,淮河流域,固始马罡,07-22 00:00,Ⅱ类,27.5,7.38,7.81,119.3,21.8,2.44,0.031,0.072,0.93,--,--
河南省,淮河流域,老沈丘泉河桥,07-22 00:00,Ⅳ类,31.8,7.65,3.51,710.7,21.8,3.37,0.016,0.073,0.44,--,--
河南省,淮河流域,刘寨村后,07-22 00:00,Ⅳ类,30.9,7.64,4.59,1267.0,18.3,5.03,0.166,0.088,3.55,--,--
河南省,淮河流域,周口康店,07-22 00:00,Ⅳ类,32.2,7.33,4.26,644.1,32.5,2.90,0.342,0.109,1.98,--,--
河南省,淮河流域,商水双桥,07-22 00:00,Ⅱ类,32.2,8.13,10.86,615.0,6.3,2.84,0.024,0.032,1.09,--,--
河南省,淮河流域,鄢陵陶城闸,07-22 00:00,Ⅴ类,31.9,7.56,2.61,798.5,16.0,3.22,0.327,0.124,4.11,--,--
河南省,淮河流域,鹿邑付桥,07-22 00:00,Ⅲ类,31.9,8.37,14.66,934.1,14.9,4.77,0.027,0.040,0.81,--,--
河南省,淮河流域,板桥水库,07-22 00:00,Ⅳ类,28.6,8.26,4.17,281.8,3.3,3.01,0.009,0.021,0.28,--,--
河南省,黄河流域,小浪底水库,07-22 00:00,Ⅳ类,29.7,7.75,3.54,1083.4,28.4,2.50,--,0.050,2.97,--,--
